Titel;Frage;Ebene;Metabereichtyp;Bereichtyp;Raumtyp;Objektklasse;Objekttyp;Antworttyp;Antwortoptionen;Standard Antwort;Einheit;Bedingung;Pflicht;Foto_Pflicht;HilfeText;Kluster;Reihenfolge;Activ;Fragekatalog;Autor;Version;Änderungsdatum;Min_LOD;Zielgruppe;Fototyp;HilfeMedien;Objektart
Hersteller;Hersteller (falls ablesbar)?;Objekt;;;;(Basis);;Text;;;-;immer;Nein;Nein;"Herstellername vom Typenschild. Sonst „weiß nicht"" – Foto genügt oft.";Allgemein / Identifikation;10;Ja;Gebäudeaufnahme;MICHI;0.1;2026-08-03;300;Fachkundig;-;;
Produkt;Produkt-/Typbezeichnung (falls ablesbar)?;Objekt;;;;(Basis);;Text;;;-;immer;Nein;Nein;Typ-/Produktbezeichnung vom Typenschild.;Allgemein / Identifikation;20;Ja;Gebäudeaufnahme;MICHI;0.1;2026-08-03;300;Fachkundig;-;;
Typenschild_Foto;Foto des Typenschilds;Objekt;;;;(Basis);;Foto-Upload;;;-;immer;Nein;Nein;Scharf und lesbar. Wenn keins vorhanden, überspringen.;Dokumentation / Foto;90;Ja;Gebäudeaufnahme;MICHI;0.1;2026-08-03;200;Laie;Typenschild;;
Ansch_Funktion;Funktion des Anschlusses?;Objekt;;;;(Basis);Anschluss;Einzelauswahl;"Vorlauf (VL);Rücklauf (RL);Kaltwasser;Warmwasser;Zirkulation;Ablauf/Abwasser;Gas;Sonstiges;weiß nicht";;-;immer;Ja;Nein;Bestimmt, welche Rohre zur Verknüpfung angeboten werden (z. B. VL/RL beim Heizkörper).;Struktur & Verknüpfung;10;Ja;Gebäudeaufnahme;MICHI;0.1;2026-08-03;300;Fachkundig;-;;Sub-Objekt
Ansch_Rohr;An welches Rohr-Element ist der Anschluss angeschlossen?;Objekt;;;;(Basis);Anschluss;Einzelauswahl;(Rohrleitungs-Liste, nach Funktion/Gewerk gefiltert);;-;immer;Nein;Nein;Optionale Verknüpfung im Anlagenschema – Auswahl aus den angelegten Rohrleitungen.;Struktur & Verknüpfung;20;Ja;Gebäudeaufnahme;MICHI;0.1;2026-08-03;400;Fachkundig;-;;Sub-Objekt
Ansch_Position;Position/Lage des Anschlusses am Objekt?;Objekt;;;;(Basis);Anschluss;Einzelauswahl;"links;rechts;unten;oben;hinten;mittig;weiß nicht";;-;immer;Nein;Nein;z. B. Heizkörper unten-rechts.;Struktur & Verknüpfung;30;Ja;Gebäudeaufnahme;MICHI;0.1;2026-08-03;400;Fachkundig;-;;Sub-Objekt
Ansch_Hoehe;Höhe des Anschlusses von unten (cm)?;Objekt;;;;(Basis);Anschluss;Zahl;;;cm;immer;Nein;Nein;Vor allem bei Speicherstutzen relevant (Höhe über Boden/Behälterunterkante).;Struktur & Verknüpfung;40;Ja;Gebäudeaufnahme;MICHI;0.1;2026-08-03;400;Fachkundig;-;;Sub-Objekt
Ansch_Nennweite;Nennweite des Anschlusses?;Objekt;;;;(Basis);Anschluss;Einzelauswahl;"DN10;DN15;DN20;DN25;DN32;>DN32;weiß nicht";;-;immer;Nein;Nein;;Struktur & Verknüpfung;50;Ja;Gebäudeaufnahme;MICHI;0.1;2026-08-03;400;Fachkundig;-;;Sub-Objekt
Ansch_Foto;Foto des Anschlusses;Objekt;;;;(Basis);Anschluss;Foto-Upload;;;-;immer;Nein;Nein;;Dokumentation / Foto;60;Ja;Gebäudeaufnahme;MICHI;0.1;2026-08-03;400;Fachkundig;Detail;;Sub-Objekt
Einbauort;Wo ist der Heizkörper angebracht?;Objekt;;;;Heizflächen – statisch;;Einzelauswahl;"unter Fenster;an Außenwand (ohne Fenster);an Innenwand;freistehend/Nische;weiß nicht";;-;immer;Ja;Nein;Die Lage hilft, den Wärmeverlust hinter dem Heizkörper einzuschätzen. Unter dem Fenster ist der häufigste Fall.;Allgemein / Identifikation;10;Ja;Gebäudeaufnahme;MICHI;1;03.08.2026;200;Laie;-;;Objekt
Spindelabstand;Spindelabstand (Höhe zwischen den Anschlusspunkten oben und unten) in cm?;Objekt;;;;Heizflächen – statisch;Röhrenheizkörper;Zahl;;;cm;immer;Ja;Nein;Von Nabenmitte oben bis Nabenmitte unten messen (entspricht ungefähr der Bauhöhe). Zusammen mit Gliederzahl und Säulenzahl lässt sich die Norm-Heizleistung nachschlagen. Wenn nicht messbar: 'weiß nicht'.;Geometrie & Maße (Dimensionen);20;Ja;Gebäudeaufnahme;MICHI;1;03.08.2026;300;Fachkundig;-;;Objekt
Glieder;Anzahl der Glieder ('Knochen')?;Objekt;;;;Heizflächen – statisch;Röhrenheizkörper;Zahl;;;Stück;immer;Ja;Nein;Ein Glied ist ein senkrechtes Rohrelement. Einfach von links nach rechts zählen.;Geometrie & Maße (Dimensionen);30;Ja;Gebäudeaufnahme;MICHI;1;03.08.2026;300;Laie;-;;Objekt
Saeulenzahl;Bauart: Wie viele Säulen (Rohre) hat ein Glied?;Objekt;;;;Heizflächen – statisch;Röhrenheizkörper;Einzelauswahl;"1-säulig;2-säulig;3-säulig;4-säulig;5-säulig;6-säulig;weiß nicht";;-;immer;Ja;Nein;Von der Seite betrachten: Anzahl der hintereinanderliegenden Rohre je Glied. Das bestimmt die Bautiefe.;Geometrie & Maße (Dimensionen);40;Ja;Gebäudeaufnahme;MICHI;1;03.08.2026;300;Fachkundig;-;;Objekt
Anschlussart;Wie ist der Heizkörper angebunden?;Objekt;;;;Heizflächen – statisch;;Einzelauswahl;"seitlich (klassisch, 2 Rohre seitlich);von unten (Ventilheizkörper);Einrohr;weiß nicht";;-;immer;Ja;Nein;Seitlicher Anschluss = Vor- und Rücklauf treten seitlich ein. Anschluss von unten deutet auf einen klassischen Ventilheizkörper hin.;Heizung;50;Ja;Gebäudeaufnahme;MICHI;1;03.08.2026;300;Fachkundig;-;;Objekt
Absperrbar;Lässt sich der Heizkörper absperren (Ventil/Verschraubung am Rücklauf)?;Objekt;;;;Heizflächen – statisch;;Ja/Nein;"Ja;Nein;weiß nicht";;-;immer;Nein;Nein;Am unteren Anschluss oder in direkter Umgebung an den Leitungen sitzt oft eine Rücklaufverschraubung mit Schlitz/Kappe, mit der der Heizkörper abgesperrt werden kann.;Heizung;90;Ja;Gebäudeaufnahme;MICHI;1;03.08.2026;350;Fachkundig;-;;Objekt
Verkleidung;Ist der Heizkörper verkleidet oder eingebaut (Verkleidung, Möbel, Bank)?;Objekt;;;;Heizflächen – statisch;;Einzelauswahl;"frei;teilweise verkleidet;vollständig verkleidet/eingebaut;weiß nicht";;-;immer;Nein;Nein;Verkleidungen mindern die Wärmeabgabe und sind für die Bewertung wichtig.;Heizung;100;Ja;Gebäudeaufnahme;MICHI;1;03.08.2026;300;Laie;-;;Objekt
Schaeden;Sind sichtbare Schäden vorhanden? (Mehrfachauswahl);Objekt;;;;Heizflächen – statisch;;Mehrfachauswahl;"keine;Rost/Korrosion;Undichtigkeit (Wasseraustritt/Kalkspuren);Farbe blättert ab;Verformung/Beschädigung;weiß nicht";;-;immer;Ja;Nein;Mehrfachnennung möglich. Kalk- oder Rostspuren an den Anschlüssen deuten auf Undichtigkeiten hin.;Schäden / Mangel;110;Ja;Gebäudeaufnahme;MICHI;1;03.08.2026;200;Laie;-;;Objekt
Schaden_Foto;Foto des Schadens;Objekt;;;;Heizflächen – statisch;;Foto-Upload;;;-;«Schaeden» ungleich 'keine';Nein;Ja;Schadstelle möglichst deutlich zeigen. Falls nicht möglich, 'nicht möglich' wählen.;Schäden / Mangel;120;Ja;Gebäudeaufnahme;MICHI;1;03.08.2026;200;Laie;Schaden;;Objekt
Foto_Uebersicht;Übersichtsfoto des gesamten Heizkörpers;Objekt;;;;Heizflächen – statisch;;Foto-Upload;;;-;immer;Nein;Ja;Ganzen Heizkörper inkl. Anschlüsse und Umgebung ablichten.;Dokumentation / Foto;130;Ja;Gebäudeaufnahme;MICHI;1;03.08.2026;200;Laie;Übersicht;;Objekt
Typenschild_vorh;Ist ein Typenschild / Herstelleraufkleber vorhanden?;Objekt;;;;Heizflächen – statisch;;Ja/Nein;"Ja;Nein;weiß nicht";;-;immer;Nein;Nein;Ältere Gliederheizkörper haben oft keins. Neuere (Ventilheizkörper) tragen es meist seitlich oder oben. (Allgemein Formulieren oder in typ belassen bitte diskutieren);Dokumentation / Foto;140;Ja;Gebäudeaufnahme;MICHI;1;03.08.2026;200;Laie;-;;Objekt
Typenschild_Foto;Foto des Typenschilds;Objekt;;;;Heizflächen – statisch;;Foto-Upload;;;-;«Typenschild_vorh» = Ja;Nein;Nein;Scharf und lesbar fotografieren (Hersteller, Typ, Leistung).;Dokumentation / Foto;150;Ja;Gebäudeaufnahme;MICHI;1;03.08.2026;300;Laie;Typenschild;;Objekt
Ventil_vorh;Ist am Heizkörper ein Ventil vorhanden?;Objekt;;;;Heizflächen – statisch;;Ja/Nein;"Ja;Nein;weiß nicht";;-;immer;Ja;Nein;Fast jeder wassergeführte Heizkörper hat am Vorlauf ein Ventil (mit oder ohne Thermostatkopf). Elektrische Heizkörper haben keins.;Heizung;85;Ja;Gebäudeaufnahme;MICHI;0.1;2026-08-03;200;Laie;-;;Objekt
Ventil_Bauart;Um welche Ventilbauart handelt es sich?;Objekt;;;;Heizungsarmaturen;Heizkörperventil;Einzelauswahl;"Thermostatventil;Handregulierventil;Rücklaufverschraubung (separat);weiß nicht";;-;immer;Ja;Nein;Thermostatventile ermöglichen einen Thermostatkopf. Handregulierventile haben einen einfachen Drehgriff ohne Temperaturskala.;Heizung;10;Ja;Gebäudeaufnahme;MICHI;0.1;2026-08-03;300;Fachkundig;-;;Sub-Objekt
Ventil_Voreinstellung;Hat das Ventil eine Voreinstellung (für den hydraulischen Abgleich)?;Objekt;;;;Heizungsarmaturen;Heizkörperventil;Ja/Nein;"Ja;Nein;weiß nicht";;-;immer;Ja;Nein;Voreinstellbare Ventile haben am Ventilfuß einen Ring mit Skala/Zahlen, der den Durchfluss begrenzt. Ermöglicht den hydraulischen Abgleich ohne Ventiltausch.;Heizung;20;Ja;Gebäudeaufnahme;MICHI;0.1;2026-08-03;350;Fachkundig;-;;Sub-Objekt
Voreinstellwert;Welcher Voreinstellwert ist eingestellt (falls ablesbar)?;Objekt;;;;Heizungsarmaturen;Heizkörperventil;Text;;;-;«Ventil_Voreinstellung» = Ja;Nein;Nein;Zahl oder Buchstabe am Voreinstellring ablesen. Nicht erkennbar: 'weiß nicht'.;Heizung;30;Ja;Gebäudeaufnahme;MICHI;0.1;2026-08-03;400;Fachkundig;-;;Sub-Objekt
Ventil_Hersteller;Hersteller des Ventils (falls ablesbar)?;Objekt;;;;Heizungsarmaturen;Heizkörperventil;Text;;;-;immer;Nein;Nein;Herstellername vom Ventilkörper/Voreinstellring ablesen. Sonst 'weiß nicht' – das Foto genügt oft.;Heizung;40;Ja;Gebäudeaufnahme;MICHI;0.1;2026-08-03;400;Fachkundig;-;;Sub-Objekt
Ventil_Produkt;Produkt-/Typbezeichnung des Ventils (falls ablesbar)?;Objekt;;;;Heizungsarmaturen;Heizkörperventil;Text;;;-;immer;Nein;Nein;Typ-/Produktbezeichnung, falls auf dem Ventil erkennbar.;Heizung;50;Ja;Gebäudeaufnahme;MICHI;0.1;2026-08-03;400;Fachkundig;-;;Sub-Objekt
Ventil_Foto;Foto des Ventils / Voreinstellrings;Objekt;;;;Heizungsarmaturen;Heizkörperventil;Foto-Upload;;;-;immer;Nein;Nein;"Ventilfuß mit Voreinstellring möglichst nah und scharf ablichten. Falls nicht möglich, ""nicht möglich"" wählen.";Heizung;60;Ja;Gebäudeaufnahme;MICHI;0.1;2026-08-03;350;Fachkundig;Detail;;Sub-Objekt
Thermostatkopf_vorh;Ist auf dem Ventil ein Thermostatkopf montiert?;Objekt;;;;Heizungsarmaturen;Heizkörperventil;Ja/Nein;"Ja;Nein;weiß nicht";;-;«Ventil_Bauart» = Thermostatventil;Ja;Nein;Der Thermostatkopf ist der Drehregler mit Zahlen (meist 1–5), mit dem die Raumtemperatur eingestellt wird.;Heizung;70;Ja;Gebäudeaufnahme;MICHI;0.1;2026-08-03;200;Laie;-;;Sub-Objekt
Thermostat_Typ;Um welche Art Thermostatkopf handelt es sich?;Objekt;;;;Heizungsarmaturen;Thermostatkopf;Einzelauswahl;"manuell (Drehknopf);programmierbar (mit Display);smart/funkgesteuert;weiß nicht";;-;immer;Ja;Nein;Programmierbare und smarte Thermostate haben ein Display oder eine App-Anbindung.;Heizung;10;Ja;Gebäudeaufnahme;MICHI;0.1;2026-08-03;300;Laie;-;;Sub-Objekt
Thermostat_Hersteller;Hersteller des Thermostatkopfs (falls ablesbar)?;Objekt;;;;Heizungsarmaturen;Thermostatkopf;Text;;;-;immer;Nein;Nein;Meist seitlich/oben am Kopf aufgedruckt. Sonst 'weiß nicht' – das Foto genügt oft.;Heizung;20;Ja;Gebäudeaufnahme;MICHI;0.1;2026-08-03;400;Fachkundig;-;;Sub-Objekt
Thermostat_Produkt;Produkt-/Typbezeichnung des Thermostatkopfs (falls ablesbar)?;Objekt;;;;Heizungsarmaturen;Thermostatkopf;Text;;;-;immer;Nein;Nein;Typ-/Produktbezeichnung, falls erkennbar.;Heizung;30;Ja;Gebäudeaufnahme;MICHI;0.1;2026-08-03;400;Fachkundig;-;;Sub-Objekt
Thermostat_Foto;Foto des Thermostatkopfs (Typ/Hersteller);Objekt;;;;Heizungsarmaturen;Thermostatkopf;Foto-Upload;;;-;immer;Nein;Nein;"Nah genug für Hersteller/Modell. Wenn nicht möglich, ""nicht möglich"" wählen.";Heizung;40;Ja;Gebäudeaufnahme;MICHI;0.1;2026-08-03;300;Laie;Typenschild;;Sub-Objekt
Nennweite;Nennweite / Durchmesser der Leitung?;Objekt;;;;Heizungsinstallation;Rohrleitung;Einzelauswahl;"DN10;DN15;DN20;DN25;DN32;DN40;DN50;>DN50;weiß nicht";;-;immer;Ja;Nein;"Falls aufgedruckt/erkennbar. Sonst grob nach Augenmaß oder „weiß nicht"".";Geometrie & Maße (Dimensionen);20;Ja;Gebäudeaufnahme;MICHI;0.1;2026-08-03;300;Fachkundig;-;;Objekt
Laenge;Länge der Leitung in diesem Raum?;Objekt;;;;Heizungsinstallation;Rohrleitung;Zahl;;;m;immer;Ja;Nein;Grobe Länge des sichtbaren Abschnitts in diesem Raum.;Geometrie & Maße (Dimensionen);30;Ja;Gebäudeaufnahme;MICHI;0.1;2026-08-03;300;Fachkundig;-;;Objekt
Funktion;Funktion der Leitung?;Objekt;;;;Heizungsinstallation;Rohrleitung;Einzelauswahl;"Vorlauf;Rücklauf;Vor-/Rücklauf (Zweirohr);Zirkulation;weiß nicht";;-;immer;Ja;Nein;"Vorlauf führt zum Verbraucher (wärmer), Rücklauf zurück. Bei Unsicherheit „weiß nicht"".";Heizung;40;Ja;Gebäudeaufnahme;MICHI;0.1;2026-08-03;300;Fachkundig;-;;Objekt
Material;Werkstoff der Leitung?;Objekt;;;;Heizungsinstallation;Rohrleitung;Einzelauswahl;"Stahl;Kupfer;Edelstahl;Mehrschichtverbund;Kunststoff;Guss;weiß nicht";;-;immer;Ja;Nein;Sichtbares Rohrmaterial. Kupfer = rötlich, verzinkter Stahl = grau/silbrig.;Heizung;50;Ja;Gebäudeaufnahme;MICHI;0.1;2026-08-03;300;Fachkundig;-;;Objekt
Verlegeart;Wie ist die Leitung verlegt?;Objekt;;;;Heizungsinstallation;Rohrleitung;Einzelauswahl;"Aufputz/sichtbar;Unterputz;im Estrich/Boden;in Schacht;abgehängt (Decke);erdverlegt;weiß nicht";;-;immer;Ja;Nein;Wie die Leitung geführt ist.;Heizung;60;Ja;Gebäudeaufnahme;MICHI;0.1;2026-08-03;300;Fachkundig;-;;Objekt
Gedaemmt;Ist die Leitung gedämmt?;Objekt;;;;Heizungsinstallation;Rohrleitung;Einzelauswahl;"ja, durchgehend;teilweise;nein;weiß nicht";;-;immer;Ja;Nein;"Dämmung = Isolierschlauch/-schale um das Rohr. Bei „ja""/„teilweise"" wird ein Dämmung-Objekt angelegt.";Bauphysik – Hülle;70;Ja;Gebäudeaufnahme;MICHI;0.1;2026-08-03;200;Laie;-;;Objekt
Schaeden;Sichtbare Schäden an der Leitung? (Mehrfachauswahl);Objekt;;;;Heizungsinstallation;Rohrleitung;Mehrfachauswahl;"keine;Korrosion/Rost;Leckage/Feuchtespuren;weiß nicht";;-;immer;Ja;Nein;Kalk-/Rostspuren oder feuchte Stellen an Verbindungen deuten auf Undichtigkeiten.;Schäden / Mangel;90;Ja;Gebäudeaufnahme;MICHI;0.1;2026-08-03;200;Laie;-;;Objekt
Foto_Uebersicht;Übersichtsfoto des Leitungsabschnitts;Objekt;;;;Heizungsinstallation;Rohrleitung;Foto-Upload;;;-;immer;Nein;Ja;Abschnitt inkl. Armaturen und Verlauf zeigen.;Dokumentation / Foto;100;Ja;Gebäudeaufnahme;MICHI;0.1;2026-08-03;200;Laie;Übersicht;;Objekt
Raumwechsel;Verlässt die Leitung diesen Raum?;Objekt;;;;Heizungsinstallation;Rohrleitung;Ja/Nein;"Ja;Nein;weiß nicht";;-;immer;Ja;Nein;"Der Leitung folgen, bis sie den Raum verlässt. Bei „Ja"" wird ein Folgeabschnitt angelegt.";Struktur & Verknüpfung;10;Ja;Gebäudeaufnahme;MICHI;0.1;2026-08-03;200;Laie;-;;Objekt
NeuerRaum;In welchen Raum führt die Leitung?;Objekt;;;;Heizungsinstallation;Rohrleitung;Einzelauswahl;(Raumliste);;-;«Raumwechsel» = Ja;Ja;Nein;Zielraum aus der Raumliste wählen – daraus entsteht der Folgeabschnitt.;Struktur & Verknüpfung;20;Ja;Gebäudeaufnahme;MICHI;0.1;2026-08-03;200;Laie;-;;Objekt
Wanddurchbruch_flag;Führt die Leitung dabei durch einen Wanddurchbruch?;Objekt;;;;Heizungsinstallation;Rohrleitung;Ja/Nein;"Ja;Nein;weiß nicht";;-;«Raumwechsel» = Ja;Ja;Nein;"Nicht jeder Raumwechsel hat einen Durchbruch – z. B. offene Keller-/Lattenverschläge. Nur bei echtem Wand-/Deckendurchbruch „Ja"".";Struktur & Verknüpfung;30;Ja;Gebäudeaufnahme;MICHI;0.1;2026-08-03;200;Laie;-;;Objekt
Daemm_Art;Art der Dämmung?;Objekt;;;;(Basis);Dämmung;Einzelauswahl;"Aluminiumummantelt;Alukaschiert;PVC-Mantel;Isolierschlauch;XPS;weiß nicht";;-;immer;Ja;Nein;Sichtbare Ausführung des Dämm-Mantels.;Bauphysik – Hülle;10;Ja;Gebäudeaufnahme;MICHI;0.1;2026-08-03;300;Fachkundig;-;;Sub-Objekt
Daemm_Formteil;Ist die Dämmung ein Formteil (vorgefertigt)?;Objekt;;;;(Basis);Dämmung;Ja/Nein;"Ja;Nein;weiß nicht";;-;immer;Ja;Nein;Vorgeformte Dämmschalen für Bögen/Armaturen sind Formteile mit Hersteller/Produkt. Vor Ort geschnittene Dämmung ist kein Formteil.;Bauphysik – Hülle;15;Ja;Gebäudeaufnahme;MICHI;0.1;2026-08-03;300;Fachkundig;-;;Sub-Objekt
Daemm_Hersteller;Hersteller des Formteils (falls ablesbar)?;Objekt;;;;(Basis);Dämmung;Text;;;-;«Daemm_Formteil» = Ja;Nein;Nein;Nur falls aufgedruckt/erkennbar. Sonst „weiß nicht“.;Bauphysik – Hülle;16;Ja;Gebäudeaufnahme;MICHI;0.1;2026-08-03;400;Fachkundig;-;;Sub-Objekt
Daemm_Produkt;Produkt-/Typbezeichnung des Formteils?;Objekt;;;;(Basis);Dämmung;Text;;;-;«Daemm_Formteil» = Ja;Nein;Nein;Typ-/Produktbezeichnung, falls erkennbar.;Bauphysik – Hülle;17;Ja;Gebäudeaufnahme;MICHI;0.1;2026-08-03;400;Fachkundig;-;;Sub-Objekt
Daemm_Staerke;Dämmstärke (falls messbar) in mm?;Objekt;;;;(Basis);Dämmung;Zahl;;;mm;immer;Nein;Nein;Dicke der Isolierung, falls messbar.;Bauphysik – Hülle;20;Ja;Gebäudeaufnahme;MICHI;0.1;2026-08-03;400;Fachkundig;-;;Sub-Objekt
Daemm_Anliegend;Liegt die Dämmung dicht an?;Objekt;;;;(Basis);Dämmung;Ja/Nein;"Ja;Nein;weiß nicht";;-;immer;Ja;Nein;Liegt die Dämmung überall dicht am Rohr an, oder gibt es Lücken/Spalten? Lücken mindern die Wirkung.;Bauphysik – Hülle;30;Ja;Gebäudeaufnahme;MICHI;0.1;2026-08-03;200;Laie;-;;Sub-Objekt
Daemm_Zustand;Zustand der Dämmung?;Objekt;;;;(Basis);Dämmung;Einzelauswahl;"intakt;beschädigt/lückenhaft;fehlt teilweise;weiß nicht";;-;immer;Nein;Nein;Beschädigungen und Lücken erfassen.;Bauphysik – Hülle;40;Ja;Gebäudeaufnahme;MICHI;0.1;2026-08-03;300;Laie;-;;Sub-Objekt
Daemm_Foto;Foto der Dämmung;Objekt;;;;(Basis);Dämmung;Foto-Upload;;;-;immer;Nein;Nein;Dämmung inkl. Übergänge/Lücken zeigen.;Dokumentation / Foto;10;Ja;Gebäudeaufnahme;MICHI;0.1;2026-08-03;300;Laie;Detail;;Sub-Objekt
WD_Bauteil;Durch welches Bauteil führt der Durchbruch?;Objekt;;;;(Basis);Wanddurchbruch;Einzelauswahl;"Innenwand;Außenwand;Geschossdecke;Bodenplatte;weiß nicht";;-;immer;Ja;Nein;Bestimmt u. a. Brandschutz- und Bauphysik-Relevanz.;Bauphysik – Hülle;10;Ja;Gebäudeaufnahme;MICHI;0.1;2026-08-03;300;Fachkundig;-;;Sub-Objekt
WD_Abschottung;Ist eine Brandschutz-Abschottung vorhanden?;Objekt;;;;(Basis);Wanddurchbruch;Ja/Nein;"Ja;Nein;weiß nicht";;-;immer;Ja;Nein;"Abschottung dichtet den Durchbruch brandschutztechnisch ab. Bei „Ja"" folgt die Detailerfassung.";Bauphysik – Hülle;20;Ja;Gebäudeaufnahme;MICHI;0.1;2026-08-03;300;Fachkundig;-;;Sub-Objekt
WD_Foto;Foto des Wanddurchbruchs;Objekt;;;;(Basis);Wanddurchbruch;Foto-Upload;;;-;immer;Nein;Nein;Durchbruch mit Umgebung zeigen.;Dokumentation / Foto;30;Ja;Gebäudeaufnahme;MICHI;0.1;2026-08-03;300;Fachkundig;Detail;;Sub-Objekt
BS_Art;Art der Abschottung?;Objekt;;;;(Basis);Brandschutzbauteil (Abschottung);Einzelauswahl;"Brandschutzmanschette;Schott/Mörtel;Kissen/Schaum;weiß nicht";;-;immer;Ja;Nein;Bauart der Brandabschottung.;Bauphysik – Hülle;10;Ja;Gebäudeaufnahme;MICHI;0.1;2026-08-03;350;Fachkundig;-;;Sub-Objekt
BS_Kennzeichnung;Ist eine Kennzeichnung/Zulassung sichtbar?;Objekt;;;;(Basis);Brandschutzbauteil (Abschottung);Ja/Nein;"Ja;Nein;weiß nicht";;-;immer;Nein;Nein;Schilder/Aufkleber mit Zulassungsnummer am Schott.;Bauphysik – Hülle;20;Ja;Gebäudeaufnahme;MICHI;0.1;2026-08-03;400;Fachkundig;-;;Sub-Objekt
BS_Foto;Foto der Kennzeichnung/Abschottung;Objekt;;;;(Basis);Brandschutzbauteil (Abschottung);Foto-Upload;;;-;immer;Nein;Nein;Kennzeichnung scharf und lesbar.;Dokumentation / Foto;30;Ja;Gebäudeaufnahme;MICHI;0.1;2026-08-03;350;Fachkundig;Typenschild;;Sub-Objekt
MP_Titel;Titel des Messpunkts;Objekt;;;;(Basis);Messpunkt;Text;;;-;immer;Ja;Nein;"Kurzer Name, z. B. „Abzweig Strang 3"".";Allgemein / Identifikation;10;Ja;Gebäudeaufnahme;MICHI;0.1;2026-08-03;300;Fachkundig;-;;Sub-Objekt
MP_Beschreibung;Beschreibung;Objekt;;;;(Basis);Messpunkt;Text;;;-;immer;Nein;Nein;Was wird hier gemessen/dokumentiert?;Allgemein / Identifikation;20;Ja;Gebäudeaufnahme;MICHI;0.1;2026-08-03;300;Fachkundig;-;;Sub-Objekt
MP_Mass;Maß (wiederholbar 1..x);Objekt;;;;(Basis);Messpunkt;Zahl;;;cm;immer;Ja;Nein;Ein oder mehrere Maße am Punkt. Feld ist wiederholbar.;Geometrie & Maße (Dimensionen);10;Ja;Gebäudeaufnahme;MICHI;0.1;2026-08-03;300;Fachkundig;-;;Sub-Objekt
MP_Foto;Foto des Messpunkts;Objekt;;;;(Basis);Messpunkt;Foto-Upload;;;-;immer;Nein;Ja;Punkt mit Maßbezug im Bild.;Dokumentation / Foto;10;Ja;Gebäudeaufnahme;MICHI;0.1;2026-08-03;300;Fachkundig;Detail;;Sub-Objekt
Energietraeger;Womit wird geheizt (Energieträger)?;Objekt;;;;Wärmeerzeuger;;Einzelauswahl;"Erdgas;Flüssiggas;Heizöl;Holz/Pellet;Strom;Fernwärme;Umweltwärme (Wärmepumpe);weiß nicht";;-;immer;Ja;Nein;Steuert die weiteren Fragen (z. B. Öltank nur bei Heizöl).;Heizung;10;Ja;Gebäudeaufnahme;MICHI;0.1;2026-08-03;200;Laie;-;;Objekt
Baujahr;Baujahr des Erzeugers?;Objekt;;;;Wärmeerzeuger;;Jahr;;;-;immer;Ja;Nein;"Vom Typenschild ablesen, sonst schätzen. Bei Unsicherheit „weiß nicht"".";Allgemein / Identifikation;20;Ja;Gebäudeaufnahme;MICHI;0.1;2026-08-03;200;Laie;-;;Objekt
Nennleistung;Nennleistung in kW?;Objekt;;;;Wärmeerzeuger;;Zahl;;;kW;immer;Nein;Nein;Steht meist auf dem Typenschild.;Geometrie & Maße (Dimensionen);10;Ja;Gebäudeaufnahme;MICHI;0.1;2026-08-03;300;Fachkundig;-;;Objekt
Vorlauftemperatur;Eingestellte/maximale Vorlauftemperatur (°C)?;Objekt;;;;Wärmeerzeuger;;Zahl;;;°C;immer;Nein;Nein;Falls an der Regelung ablesbar. Wichtig für die Bewertung (Hoch-/Niedertemperatur).;Heizung;20;Ja;Gebäudeaufnahme;MICHI;0.1;2026-08-03;400;Fachkundig;-;;Objekt
Modulierend;Ist der Erzeuger modulierend?;Objekt;;;;Wärmeerzeuger;;Ja/Nein;"Ja;Nein;weiß nicht";;-;immer;Nein;Nein;Modulierend = Leistung wird stufenlos angepasst.;Heizung;30;Ja;Gebäudeaufnahme;MICHI;0.1;2026-08-03;400;Fachkundig;-;;Objekt
Abgasanlage_vorh;Ist eine Abgasanlage vorhanden?;Objekt;;;;Wärmeerzeuger;;Ja/Nein;"Ja;Nein;weiß nicht";;-;immer;Ja;Nein;"Bei Verbrennung (Gas/Öl/Holz) ja; bei Wärmepumpe/Fernwärme/Strom nein.";Heizung;40;Ja;Gebäudeaufnahme;MICHI;0.1;2026-08-03;200;Laie;-;;Objekt
Oeltank_vorh;Ist ein Öltank vorhanden?;Objekt;;;;Wärmeerzeuger;;Ja/Nein;"Ja;Nein;weiß nicht";;-;«Energietraeger» = Heizöl;Ja;Nein;Meist im Keller/Nebenraum.;Heizung;50;Ja;Gebäudeaufnahme;MICHI;0.1;2026-08-03;200;Laie;-;;Objekt
Pelletsilo_vorh;Ist ein Pelletlager/-silo vorhanden?;Objekt;;;;Wärmeerzeuger;;Ja/Nein;"Ja;Nein;weiß nicht";;-;«Energietraeger» = Holz/Pellet;Ja;Nein;Lagerraum, Gewebetank oder Erdtank.;Heizung;60;Ja;Gebäudeaufnahme;MICHI;0.1;2026-08-03;200;Laie;-;;Objekt
Foerderanlage_vorh;Ist eine Förderanlage (Schnecke/Saugsystem) vorhanden?;Objekt;;;;Wärmeerzeuger;;Ja/Nein;"Ja;Nein;weiß nicht";;-;«Energietraeger» = Holz/Pellet;Nein;Nein;Transportiert Pellets vom Lager zum Kessel.;Heizung;70;Ja;Gebäudeaufnahme;MICHI;0.1;2026-08-03;300;Fachkundig;-;;Objekt
Schaeden;Sichtbare Auffälligkeiten/Schäden? (Mehrfachauswahl);Objekt;;;;Wärmeerzeuger;;Mehrfachauswahl;"keine;Korrosion/Rost;Undichtigkeit/Feuchte;Fehlermeldung am Display;weiß nicht";;-;immer;Nein;Nein;Auch Fehlercodes am Display notieren/fotografieren.;Schäden / Mangel;10;Ja;Gebäudeaufnahme;MICHI;0.1;2026-08-03;200;Laie;-;;Objekt
Foto_Uebersicht;Übersichtsfoto des Erzeugers;Objekt;;;;Wärmeerzeuger;;Foto-Upload;;;-;immer;Nein;Ja;Gerät inkl. Anschlüsse und Umgebung.;Dokumentation / Foto;10;Ja;Gebäudeaufnahme;MICHI;0.1;2026-08-03;200;Laie;Übersicht;;Objekt
Typenschild_Foto;Foto des Typenschilds;Objekt;;;;Wärmeerzeuger;;Foto-Upload;;;-;immer;Nein;Nein;Scharf und lesbar (Hersteller, Typ, Leistung, Baujahr).;Dokumentation / Foto;20;Ja;Gebäudeaufnahme;MICHI;0.1;2026-08-03;200;Laie;Typenschild;;Objekt
Speist_auf;Worauf speist der Erzeuger?;Objekt;;;;Wärmeerzeuger;;Einzelauswahl;"direkt Heizkreis;Pufferspeicher;Kombispeicher;hydraulische Weiche;Verteiler;weiß nicht";;-;immer;Nein;Nein;Verknüpfung im Anlagenschema.;Struktur & Verknüpfung;10;Ja;Gebäudeaufnahme;MICHI;0.1;2026-08-03;300;Fachkundig;-;;Objekt
WP_Bauart;Bauart der Wärmepumpe?;Objekt;;;;Wärmeerzeuger;Wärmepumpe;Einzelauswahl;"Luft-Wasser;Sole-Wasser;Wasser-Wasser;Luft-Luft;weiß nicht";;-;immer;Ja;Nein;Wärmequelle → Wärmeträger.;Heizung;80;Ja;Gebäudeaufnahme;MICHI;0.1;2026-08-03;300;Fachkundig;-;;Objekt
WP_Aufstellung;Aufstellung der Wärmepumpe?;Objekt;;;;Wärmeerzeuger;Wärmepumpe;Einzelauswahl;"Monoblock (außen);Split (innen+außen);Innenaufstellung;weiß nicht";;-;immer;Nein;Nein;;Heizung;81;Ja;Gebäudeaufnahme;MICHI;0.1;2026-08-03;300;Fachkundig;-;;Objekt
WP_Kaeltemittel;Kältemittel (falls ablesbar)?;Objekt;;;;Wärmeerzeuger;Wärmepumpe;Text;;;-;immer;Nein;Nein;Steht auf dem Typenschild, z. B. R290, R32.;Heizung;82;Ja;Gebäudeaufnahme;MICHI;0.1;2026-08-03;400;Fachkundig;-;;Objekt
BHKW_el;Elektrische Leistung (kW)?;Objekt;;;;Wärmeerzeuger;BHKW;Zahl;;;kW;immer;Nein;Nein;Vom Typenschild.;Geometrie & Maße (Dimensionen);30;Ja;Gebäudeaufnahme;MICHI;0.1;2026-08-03;400;Fachkundig;-;;Objekt
FW_Uebergabe;Übergabe direkt oder indirekt?;Objekt;;;;Wärmeerzeuger;Fernwärme-Übergabestation;Einzelauswahl;"direkt;indirekt (mit Wärmeübertrager);weiß nicht";;-;immer;Nein;Nein;Indirekt = Trennung über einen Wärmeübertrager.;Heizung;80;Ja;Gebäudeaufnahme;MICHI;0.1;2026-08-03;300;Fachkundig;-;;Objekt
Abgas_Art;Art der Abgasführung?;Objekt;;;;Wärmeerzeuger;Abgasinstallation;Einzelauswahl;"Schornstein (gemauert);Edelstahlschornstein;LAS (raumluftunabhängig);Abgasrohr über Dach;über Fassade;weiß nicht";;-;immer;Ja;Nein;;Heizung;10;Ja;Gebäudeaufnahme;MICHI;0.1;2026-08-03;300;Fachkundig;-;;Sub-Objekt
Abgas_Zustand;Zustand der Abgasanlage?;Objekt;;;;Wärmeerzeuger;Abgasinstallation;Einzelauswahl;"intakt;Rußspuren;Korrosion/Feuchte;weiß nicht";;-;immer;Nein;Nein;;Schäden / Mangel;10;Ja;Gebäudeaufnahme;MICHI;0.1;2026-08-03;300;Laie;-;;Sub-Objekt
Abgas_Foto;Foto der Abgasanlage;Objekt;;;;Wärmeerzeuger;Abgasinstallation;Foto-Upload;;;-;immer;Nein;Nein;;Dokumentation / Foto;10;Ja;Gebäudeaufnahme;MICHI;0.1;2026-08-03;300;Laie;Detail;;Sub-Objekt
Tank_Bauart;Bauart des Öltanks?;Objekt;;;;Wärmeerzeuger;Öltank;Einzelauswahl;"Batterietank (Kunststoff);Stahltank;Erdtank;gemauerter Kellertank;weiß nicht";;-;immer;Ja;Nein;;Heizung;10;Ja;Gebäudeaufnahme;MICHI;0.1;2026-08-03;300;Fachkundig;-;;Sub-Objekt
Tank_Volumen;Gesamtvolumen (Liter)?;Objekt;;;;Wärmeerzeuger;Öltank;Zahl;;;l;immer;Nein;Nein;Summe aller Tanks.;Geometrie & Maße (Dimensionen);10;Ja;Gebäudeaufnahme;MICHI;0.1;2026-08-03;300;Fachkundig;-;;Sub-Objekt
Tank_Auffangwanne;Auffangwanne / Doppelwand vorhanden?;Objekt;;;;Wärmeerzeuger;Öltank;Ja/Nein;"Ja;Nein;weiß nicht";;-;immer;Ja;Nein;Sicherheit gegen Ölaustritt.;Heizung;20;Ja;Gebäudeaufnahme;MICHI;0.1;2026-08-03;300;Fachkundig;-;;Sub-Objekt
Tank_Foto;Foto des Öltanks;Objekt;;;;Wärmeerzeuger;Öltank;Foto-Upload;;;-;immer;Nein;Nein;;Dokumentation / Foto;10;Ja;Gebäudeaufnahme;MICHI;0.1;2026-08-03;300;Laie;Detail;;Sub-Objekt
Silo_Bauart;Bauart des Pelletlagers?;Objekt;;;;Wärmeerzeuger;Pelletsilo;Einzelauswahl;"Gewebetank;Erdtank;baulicher Lagerraum;weiß nicht";;-;immer;Ja;Nein;;Heizung;10;Ja;Gebäudeaufnahme;MICHI;0.1;2026-08-03;300;Fachkundig;-;;Sub-Objekt
Silo_Groesse;Fassungsvermögen (t)?;Objekt;;;;Wärmeerzeuger;Pelletsilo;Zahl;;;t;immer;Nein;Nein;Ungefähre Menge in Tonnen.;Geometrie & Maße (Dimensionen);10;Ja;Gebäudeaufnahme;MICHI;0.1;2026-08-03;400;Fachkundig;-;;Sub-Objekt
Silo_Foto;Foto des Pelletlagers;Objekt;;;;Wärmeerzeuger;Pelletsilo;Foto-Upload;;;-;immer;Nein;Nein;;Dokumentation / Foto;10;Ja;Gebäudeaufnahme;MICHI;0.1;2026-08-03;300;Laie;Detail;;Sub-Objekt
Foerder_Art;Art der Förderung?;Objekt;;;;Wärmeerzeuger;Förderanlage;Einzelauswahl;"Förderschnecke;Saugsystem;weiß nicht";;-;immer;Ja;Nein;;Heizung;10;Ja;Gebäudeaufnahme;MICHI;0.1;2026-08-03;300;Fachkundig;-;;Sub-Objekt
Foerder_Foto;Foto der Förderanlage;Objekt;;;;Wärmeerzeuger;Förderanlage;Foto-Upload;;;-;immer;Nein;Nein;;Dokumentation / Foto;10;Ja;Gebäudeaufnahme;MICHI;0.1;2026-08-03;300;Laie;Detail;;Sub-Objekt
Ruecklauftemperatur;Rücklauftemperatur am Erzeuger (°C)?;Objekt;;;;Wärmeerzeuger;;Zahl;;;°C;immer;Nein;Nein;Falls an der Regelung/am Fühler ablesbar. Zusammen mit dem Vorlauf wichtig für die Bewertung.;Heizung;25;Ja;Gebäudeaufnahme;MICHI;0.1;2026-08-03;400;Fachkundig;-;;Objekt
Kondensatanschluss;Kondensat-/Abwasseranschluss?;Objekt;;;;Wärmeerzeuger;;Einzelauswahl;"vorhanden;fehlt (erforderlich);nicht erforderlich;weiß nicht";;-;immer;Nein;Nein;Brennwertkessel brauchen einen Kondensatablauf ins Abwasser.;Heizung;35;Ja;Gebäudeaufnahme;MICHI;0.1;2026-08-03;300;Fachkundig;-;;Objekt
Neutralisation;Neutralisationseinrichtung für Kondensat vorhanden?;Objekt;;;;Wärmeerzeuger;;Ja/Nein;"Ja;Nein;weiß nicht";;-;«Kondensatanschluss» = vorhanden;Nein;Nein;Neutralisiert das saure Kondensat (v. a. bei Öl).;Heizung;36;Ja;Gebäudeaufnahme;MICHI;0.1;2026-08-03;400;Fachkundig;-;;Objekt
Sockel_vorh;Steht der Erzeuger auf einem Sockel/Podest?;Objekt;;;;Wärmeerzeuger;;Ja/Nein;"Ja;Nein;weiß nicht";;-;immer;Nein;Nein;"Bei „Ja"" folgt die Sockel-Erfassung mit Maßen.";Geometrie & Maße (Dimensionen);40;Ja;Gebäudeaufnahme;MICHI;0.1;2026-08-03;300;Fachkundig;-;;Objekt
Steuereinheit_vorh;Ist eine eingebaute Steuer-/Regeleinheit vorhanden?;Objekt;;;;Wärmeerzeuger;;Ja/Nein;"Ja;Nein;weiß nicht";;-;immer;Nein;Nein;Integrierte Kesselsteuerung/Display am Gerät (nicht die separate Wandregelung).;Heizung;45;Ja;Gebäudeaufnahme;MICHI;0.1;2026-08-03;300;Fachkundig;-;;Objekt
Abgas_Siegel;Schornsteinfeger-Prüfplakette/Siegel vorhanden?;Objekt;;;;Wärmeerzeuger;Abgasinstallation;Ja/Nein;"Ja;Nein;weiß nicht";;-;immer;Nein;Nein;Aufkleber/Plakette vom Schornsteinfeger.;Allgemein / Identifikation;15;Ja;Gebäudeaufnahme;MICHI;0.1;2026-08-03;200;Laie;-;;Sub-Objekt
Abgas_Siegel_Datum;Letztes Prüfdatum (falls lesbar)?;Objekt;;;;Wärmeerzeuger;Abgasinstallation;Text;;;-;«Abgas_Siegel» = Ja;Nein;Nein;Datum von der Plakette.;Allgemein / Identifikation;16;Ja;Gebäudeaufnahme;MICHI;0.1;2026-08-03;300;Laie;-;;Sub-Objekt
Abgas_Siegel_Foto;Foto der Prüfplakette;Objekt;;;;Wärmeerzeuger;Abgasinstallation;Foto-Upload;;;-;«Abgas_Siegel» = Ja;Nein;Nein;Plakette scharf und lesbar.;Dokumentation / Foto;15;Ja;Gebäudeaufnahme;MICHI;0.1;2026-08-03;300;Laie;Typenschild;;Sub-Objekt
Sockel_Laenge;Sockel: Länge (cm)?;Objekt;;;;(Basis);Sockel;Zahl;;;cm;immer;Ja;Nein;;Geometrie & Maße (Dimensionen);10;Ja;Gebäudeaufnahme;MICHI;0.1;2026-08-03;300;Fachkundig;-;;Sub-Objekt
Sockel_Breite;Sockel: Breite (cm)?;Objekt;;;;(Basis);Sockel;Zahl;;;cm;immer;Ja;Nein;;Geometrie & Maße (Dimensionen);20;Ja;Gebäudeaufnahme;MICHI;0.1;2026-08-03;300;Fachkundig;-;;Sub-Objekt
Sockel_Hoehe;Sockel: Höhe (cm)?;Objekt;;;;(Basis);Sockel;Zahl;;;cm;immer;Ja;Nein;;Geometrie & Maße (Dimensionen);30;Ja;Gebäudeaufnahme;MICHI;0.1;2026-08-03;300;Fachkundig;-;;Sub-Objekt
Sockel_Foto;Foto des Sockels;Objekt;;;;(Basis);Sockel;Foto-Upload;;;-;immer;Nein;Nein;;Dokumentation / Foto;10;Ja;Gebäudeaufnahme;MICHI;0.1;2026-08-03;300;Laie;Detail;;Sub-Objekt
Steuer_Display;Art des Displays/der Bedienung?;Objekt;;;;Heizungsregelung;Kesselsteuerung (integriert);Einzelauswahl;"analog/Drehknöpfe;digital (Display);Touch/App-fähig;weiß nicht";;-;immer;Ja;Nein;;Heizung;10;Ja;Gebäudeaufnahme;MICHI;0.1;2026-08-03;300;Fachkundig;-;;Sub-Objekt
Steuer_Foto;Foto der Steuereinheit (inkl. evtl. Fehlercode);Objekt;;;;Heizungsregelung;Kesselsteuerung (integriert);Foto-Upload;;;-;immer;Nein;Nein;Display mit aktueller Anzeige.;Dokumentation / Foto;20;Ja;Gebäudeaufnahme;MICHI;0.1;2026-08-03;300;Laie;Typenschild;;Sub-Objekt
Volumen;Speichervolumen (Liter)?;Objekt;;;;TWW-Erzeugung;Trinkwarmwasserspeicher;Zahl;;;l;immer;Ja;Nein;Steht meist auf dem Typenschild.;Geometrie & Maße (Dimensionen);10;Ja;Gebäudeaufnahme;MICHI;0.1;2026-08-03;200;Laie;-;;Objekt
Hoehe;Höhe des Speichers (cm)?;Objekt;;;;TWW-Erzeugung;Trinkwarmwasserspeicher;Zahl;;;cm;immer;Nein;Nein;;Geometrie & Maße (Dimensionen);20;Ja;Gebäudeaufnahme;MICHI;0.1;2026-08-03;300;Fachkundig;-;;Objekt
Durchmesser;Durchmesser des Speichers (cm)?;Objekt;;;;TWW-Erzeugung;Trinkwarmwasserspeicher;Zahl;;;cm;immer;Nein;Nein;;Geometrie & Maße (Dimensionen);30;Ja;Gebäudeaufnahme;MICHI;0.1;2026-08-03;300;Fachkundig;-;;Objekt
Beheizungsart;Wie wird der Speicher beheizt?;Objekt;;;;TWW-Erzeugung;Trinkwarmwasserspeicher;Einzelauswahl;"indirekt (Heizregister/Wärmetauscher);elektrisch (Heizstab);Kombi (indirekt + Heizstab);Frischwasser/Ladesystem;weiß nicht";;-;immer;Ja;Nein;Steuert die weiteren Fragen.;Sanitär;40;Ja;Gebäudeaufnahme;MICHI;0.1;2026-08-03;200;Laie;-;;Objekt
Anzahl_WT;Anzahl innenliegender Wärmetauscher/Register?;Objekt;;;;TWW-Erzeugung;Trinkwarmwasserspeicher;Einzelauswahl;"0;1;2;weiß nicht";;-;immer;Nein;Nein;2 = bivalent, z. B. Heizung + Solar.;Sanitär;50;Ja;Gebäudeaufnahme;MICHI;0.1;2026-08-03;300;Fachkundig;-;;Objekt
Solaranbindung;Ist der Speicher an Solarthermie angebunden?;Objekt;;;;TWW-Erzeugung;Trinkwarmwasserspeicher;Ja/Nein;"Ja;Nein;weiß nicht";;-;immer;Nein;Nein;;Sanitär;60;Ja;Gebäudeaufnahme;MICHI;0.1;2026-08-03;300;Fachkundig;-;;Objekt
Speichertemperatur;Eingestellte Speichertemperatur (°C)?;Objekt;;;;TWW-Erzeugung;Trinkwarmwasserspeicher;Zahl;;;°C;immer;Nein;Nein;Falls an der Regelung ablesbar.;Sanitär;70;Ja;Gebäudeaufnahme;MICHI;0.1;2026-08-03;400;Fachkundig;-;;Objekt
Legionellenschaltung;Legionellenschaltung/thermische Desinfektion aktiv?;Objekt;;;;TWW-Erzeugung;Trinkwarmwasserspeicher;Ja/Nein;"Ja;Nein;weiß nicht";;-;immer;Nein;Nein;Regelmäßiges Aufheizen gegen Legionellen.;Sanitär;80;Ja;Gebäudeaufnahme;MICHI;0.1;2026-08-03;400;Fachkundig;-;;Objekt
Daemmung_vorh;Ist der Speicher gedämmt?;Objekt;;;;TWW-Erzeugung;Trinkwarmwasserspeicher;Einzelauswahl;"ja, werkseitig;nachträglich gedämmt;nein;weiß nicht";;-;immer;Ja;Nein;"Bei „ja"" folgt die Dämmung-Erfassung (Art/Stärke/Zustand).";Bauphysik – Hülle;90;Ja;Gebäudeaufnahme;MICHI;0.1;2026-08-03;200;Laie;-;;Objekt
Schaeden;Sichtbare Schäden? (Mehrfachauswahl);Objekt;;;;TWW-Erzeugung;Trinkwarmwasserspeicher;Mehrfachauswahl;"keine;Korrosion/Rost;Undichtigkeit/Feuchte;Dämmung beschädigt;weiß nicht";;-;immer;Nein;Nein;;Schäden / Mangel;10;Ja;Gebäudeaufnahme;MICHI;0.1;2026-08-03;200;Laie;-;;Objekt
Foto_Uebersicht;Übersichtsfoto des Speichers;Objekt;;;;TWW-Erzeugung;Trinkwarmwasserspeicher;Foto-Upload;;;-;immer;Nein;Ja;Speicher inkl. Anschlüsse und Umgebung.;Dokumentation / Foto;10;Ja;Gebäudeaufnahme;MICHI;0.1;2026-08-03;200;Laie;Übersicht;;Objekt
Anode_vorh;Ist eine Schutz-/Opferanode vorhanden?;Objekt;;;;TWW-Erzeugung;Trinkwarmwasserspeicher;Ja/Nein;"Ja;Nein;weiß nicht";;-;immer;Nein;Nein;"Korrosionsschutz im Speicher; oben eingeschraubt.";Sanitär;100;Ja;Gebäudeaufnahme;MICHI;0.1;2026-08-03;300;Fachkundig;-;;Objekt
Reinigung_vorh;Ist eine Reinigungs-/Revisionsöffnung vorhanden?;Objekt;;;;TWW-Erzeugung;Trinkwarmwasserspeicher;Ja/Nein;"Ja;Nein;weiß nicht";;-;immer;Nein;Nein;Flansch/Deckel zur Innenreinigung.;Sanitär;110;Ja;Gebäudeaufnahme;MICHI;0.1;2026-08-03;300;Fachkundig;-;;Objekt
Heizstab_vorh;Ist ein elektrischer Heizstab vorhanden?;Objekt;;;;TWW-Erzeugung;Trinkwarmwasserspeicher;Ja/Nein;"Ja;Nein;weiß nicht";;-;immer;Nein;Nein;Zusatzheizung, oft für Notbetrieb/Legionellen.;Sanitär;120;Ja;Gebäudeaufnahme;MICHI;0.1;2026-08-03;300;Fachkundig;-;;Objekt
WUET_vorh;Externe Ladeeinheit / Wärmeübertrager vorhanden?;Objekt;;;;TWW-Erzeugung;Trinkwarmwasserspeicher;Ja/Nein;"Ja;Nein;weiß nicht";;-;immer;Nein;Nein;Bei Frischwasser-/Ladesystemen außen am Speicher.;Sanitär;130;Ja;Gebäudeaufnahme;MICHI;0.1;2026-08-03;400;Fachkundig;-;;Objekt
Anode_Typ;Anodentyp?;Objekt;;;;TWW-Erzeugung;Opferanode;Einzelauswahl;"Magnesium-Opferanode;Fremdstromanode;weiß nicht";;-;immer;Ja;Nein;Fremdstromanoden brauchen Strom und sind wartungsarm.;Sanitär;10;Ja;Gebäudeaufnahme;MICHI;0.1;2026-08-03;300;Fachkundig;-;;Sub-Objekt
Anode_Zustand;Zustand/letzte Prüfung der Anode?;Objekt;;;;TWW-Erzeugung;Opferanode;Einzelauswahl;"ok/geprüft;verbraucht;unbekannt";;-;immer;Nein;Nein;;Schäden / Mangel;10;Ja;Gebäudeaufnahme;MICHI;0.1;2026-08-03;300;Fachkundig;-;;Sub-Objekt
Anode_Foto;Foto der Anode/Einschrauböffnung;Objekt;;;;TWW-Erzeugung;Opferanode;Foto-Upload;;;-;immer;Nein;Nein;;Dokumentation / Foto;10;Ja;Gebäudeaufnahme;MICHI;0.1;2026-08-03;300;Fachkundig;Detail;;Sub-Objekt
Reinig_Zugang;Zugänglichkeit der Reinigungsöffnung?;Objekt;;;;TWW-Erzeugung;Reinigungsöffnung;Einzelauswahl;"frei zugänglich;teils verbaut;verbaut;weiß nicht";;-;immer;Nein;Nein;;Sanitär;10;Ja;Gebäudeaufnahme;MICHI;0.1;2026-08-03;300;Fachkundig;-;;Sub-Objekt
Reinig_Foto;Foto der Reinigungsöffnung;Objekt;;;;TWW-Erzeugung;Reinigungsöffnung;Foto-Upload;;;-;immer;Nein;Nein;;Dokumentation / Foto;20;Ja;Gebäudeaufnahme;MICHI;0.1;2026-08-03;300;Fachkundig;Detail;;Sub-Objekt
Heizstab_Leistung;Leistung des Heizstabs (kW)?;Objekt;;;;TWW-Erzeugung;Elektro-Heizstab;Zahl;;;kW;immer;Nein;Nein;Vom Typenschild.;Geometrie & Maße (Dimensionen);10;Ja;Gebäudeaufnahme;MICHI;0.1;2026-08-03;400;Fachkundig;-;;Sub-Objekt
Heizstab_Foto;Foto des Heizstabs/Anschlusses;Objekt;;;;TWW-Erzeugung;Elektro-Heizstab;Foto-Upload;;;-;immer;Nein;Nein;;Dokumentation / Foto;10;Ja;Gebäudeaufnahme;MICHI;0.1;2026-08-03;400;Fachkundig;Detail;;Sub-Objekt
WUET_Medien;Medienpaarung des Wärmeübertragers?;Objekt;;;;TWW-Installation;Wärmeübertrager (WÜT);Einzelauswahl;"Wasser/Wasser;Wasser/Sole;weiß nicht";;-;immer;Nein;Nein;Primär-/Sekundärseite.;Sanitär;10;Ja;Gebäudeaufnahme;MICHI;0.1;2026-08-03;400;Fachkundig;-;;Sub-Objekt
WUET_Foto;Foto des Wärmeübertragers;Objekt;;;;TWW-Installation;Wärmeübertrager (WÜT);Foto-Upload;;;-;immer;Nein;Nein;;Dokumentation / Foto;10;Ja;Gebäudeaufnahme;MICHI;0.1;2026-08-03;400;Fachkundig;Detail;;Sub-Objekt
Montageart;Wie ist das Waschbecken montiert?;Objekt;;;;Sanitärobjekte;Waschbecken;Einzelauswahl;"wandhängend;auf Unterschrank/Möbel;Standwaschbecken;Einbau (in Platte);weiß nicht";;-;immer;Ja;Nein;;Sanitär;10;Ja;Gebäudeaufnahme;MICHI;0.1;2026-08-03;200;Laie;-;;Objekt
Material;Material des Waschbeckens?;Objekt;;;;Sanitärobjekte;Waschbecken;Einzelauswahl;"Keramik;Mineralguss;Edelstahl;Glas;weiß nicht";;-;immer;Nein;Nein;;Sanitär;20;Ja;Gebäudeaufnahme;MICHI;0.1;2026-08-03;200;Laie;-;;Objekt
Breite;Breite des Beckens (cm)?;Objekt;;;;Sanitärobjekte;Waschbecken;Zahl;;;cm;immer;Nein;Nein;;Geometrie & Maße (Dimensionen);10;Ja;Gebäudeaufnahme;MICHI;0.1;2026-08-03;300;Fachkundig;-;;Objekt
Hahnloecher;Anzahl der Hahnlöcher?;Objekt;;;;Sanitärobjekte;Waschbecken;Einzelauswahl;"0;1;2;weiß nicht";;-;immer;Nein;Nein;Bestimmt die Armaturenart.;Sanitär;30;Ja;Gebäudeaufnahme;MICHI;0.1;2026-08-03;300;Fachkundig;-;;Objekt
Schaeden;Sichtbare Schäden? (Mehrfachauswahl);Objekt;;;;Sanitärobjekte;Waschbecken;Mehrfachauswahl;"keine;Riss/Abplatzung;Kalk/Verfärbung;undicht;weiß nicht";;-;immer;Nein;Nein;;Schäden / Mangel;10;Ja;Gebäudeaufnahme;MICHI;0.1;2026-08-03;200;Laie;-;;Objekt
Foto_Uebersicht;Übersichtsfoto des Waschbeckens;Objekt;;;;Sanitärobjekte;Waschbecken;Foto-Upload;;;-;immer;Nein;Ja;Becken inkl. Armatur und Unterbau.;Dokumentation / Foto;10;Ja;Gebäudeaufnahme;MICHI;0.1;2026-08-03;200;Laie;Übersicht;;Objekt
Armatur_vorh;Ist eine Armatur (Wasserhahn) vorhanden?;Objekt;;;;Sanitärobjekte;Waschbecken;Ja/Nein;"Ja;Nein;weiß nicht";;-;immer;Ja;Nein;;Sanitär;40;Ja;Gebäudeaufnahme;MICHI;0.1;2026-08-03;200;Laie;-;;Objekt
Eckventil_vorh;Sind Eckventile (Absperrung unter dem Becken) vorhanden?;Objekt;;;;Sanitärobjekte;Waschbecken;Ja/Nein;"Ja;Nein;weiß nicht";;-;immer;Nein;Nein;Kleine Absperrventile am Zulauf unter dem Becken.;Sanitär;50;Ja;Gebäudeaufnahme;MICHI;0.1;2026-08-03;300;Fachkundig;-;;Objekt
Vorwand_vorh;Ist ein Vorwandinstallationselement vorhanden?;Objekt;;;;Sanitärobjekte;Waschbecken;Ja/Nein;"Ja;Nein;weiß nicht";;-;immer;Nein;Nein;"Traggestell hinter der Wand (meist verdeckt). Falls bekannt/zugänglich „Ja"".";Struktur & Verknüpfung;10;Ja;Gebäudeaufnahme;MICHI;0.1;2026-08-03;300;Fachkundig;-;;Objekt
Siphon_vorh;Ist ein Ablauf/Siphon vorhanden?;Objekt;;;;Sanitärobjekte;Waschbecken;Ja/Nein;"Ja;Nein;weiß nicht";;-;immer;Ja;Nein;Geruchsverschluss unter dem Becken – Übergang ins Abwasser.;Sanitär;60;Ja;Gebäudeaufnahme;MICHI;0.1;2026-08-03;200;Laie;-;;Objekt
Arm_Typ;Art der Armatur?;Objekt;;;;Sanitärobjekte;Sanitärarmatur (Mischer/Batterie);Einzelauswahl;"Einhebelmischer;Zweigriffarmatur;Selbstschluss/Sensor;Wandarmatur;weiß nicht";;-;immer;Ja;Nein;;Sanitär;10;Ja;Gebäudeaufnahme;MICHI;0.1;2026-08-03;200;Laie;-;;Sub-Objekt
Arm_Foto;Foto der Armatur (Typ/Hersteller);Objekt;;;;Sanitärobjekte;Sanitärarmatur (Mischer/Batterie);Foto-Upload;;;-;immer;Nein;Nein;;Dokumentation / Foto;10;Ja;Gebäudeaufnahme;MICHI;0.1;2026-08-03;300;Laie;Typenschild;;Sub-Objekt
Eck_Anzahl;Anzahl der Eckventile?;Objekt;;;;Wasserarmaturen;Eckventil;Einzelauswahl;"1;2;weiß nicht";;-;immer;Nein;Nein;;Sanitär;10;Ja;Gebäudeaufnahme;MICHI;0.1;2026-08-03;300;Fachkundig;-;;Sub-Objekt
Eck_Zustand;Zustand der Eckventile?;Objekt;;;;Wasserarmaturen;Eckventil;Einzelauswahl;"dicht;tropft;weiß nicht";;-;immer;Nein;Nein;;Schäden / Mangel;10;Ja;Gebäudeaufnahme;MICHI;0.1;2026-08-03;200;Laie;-;;Sub-Objekt
Eck_Foto;Foto der Eckventile;Objekt;;;;Wasserarmaturen;Eckventil;Foto-Upload;;;-;immer;Nein;Nein;;Dokumentation / Foto;20;Ja;Gebäudeaufnahme;MICHI;0.1;2026-08-03;300;Laie;Detail;;Sub-Objekt
Vorwand_Bauart;Bauart des Vorwandelements?;Objekt;;;;Sanitärobjekte;Vorwandinstallationselement;Einzelauswahl;"Ständerwerk (Trockenbau);Nassbau/gemauert;weiß nicht";;-;immer;Nein;Nein;Oft nur bei offener Wand erkennbar.;Sanitär;10;Ja;Gebäudeaufnahme;MICHI;0.1;2026-08-03;400;Fachkundig;-;;Sub-Objekt
Vorwand_Hersteller;Hersteller/System (falls bekannt)?;Objekt;;;;Sanitärobjekte;Vorwandinstallationselement;Text;;;-;immer;Nein;Nein;z. B. Geberit, TECE – falls sichtbar oder bekannt.;Allgemein / Identifikation;10;Ja;Gebäudeaufnahme;MICHI;0.1;2026-08-03;400;Fachkundig;-;;Sub-Objekt
Vorwand_Foto;Foto des Vorwandelements (falls zugänglich);Objekt;;;;Sanitärobjekte;Vorwandinstallationselement;Foto-Upload;;;-;immer;Nein;Nein;;Dokumentation / Foto;30;Ja;Gebäudeaufnahme;MICHI;0.1;2026-08-03;400;Fachkundig;Detail;;Sub-Objekt
Siphon_Material;Material des Siphons?;Objekt;;;;Sanitärobjekte;Ablaufgarnitur/Siphon;Einzelauswahl;"Kunststoff;verchromt/Metall;weiß nicht";;-;immer;Nein;Nein;;Sanitär;10;Ja;Gebäudeaufnahme;MICHI;0.1;2026-08-03;300;Fachkundig;-;;Sub-Objekt
Siphon_Zustand;Zustand/Dichtheit des Ablaufs?;Objekt;;;;Sanitärobjekte;Ablaufgarnitur/Siphon;Einzelauswahl;"dicht;undicht/Feuchtespuren;weiß nicht";;-;immer;Ja;Nein;Feuchte/Kalk am Siphon deutet auf Undichtigkeit.;Schäden / Mangel;10;Ja;Gebäudeaufnahme;MICHI;0.1;2026-08-03;200;Laie;-;;Sub-Objekt
Siphon_Foto;Foto des Siphons/Ablaufs;Objekt;;;;Sanitärobjekte;Ablaufgarnitur/Siphon;Foto-Upload;;;-;immer;Nein;Nein;;Dokumentation / Foto;40;Ja;Gebäudeaufnahme;MICHI;0.1;2026-08-03;300;Laie;Detail;;Sub-Objekt
Bauart;Bauart der Vakuumröhren?;Objekt;;;;Solarkollektoren;Röhrenkollektor;Einzelauswahl;"Heatpipe (trocken);direkt durchströmt (nass);weiß nicht";;-;immer;Ja;Nein;"Heatpipe = einzeln tauschbar; direkt durchströmt = Medium fließt durch die Röhre.";Solar;10;Ja;Gebäudeaufnahme;MICHI;0.1;2026-08-03;300;Fachkundig;-;;Objekt
Aperturflaeche;Aperturfläche des Feldes (m²)?;Objekt;;;;Solarkollektoren;Röhrenkollektor;Zahl;;;m²;immer;Nein;Nein;Falls bekannt/aus Datenblatt.;Geometrie & Maße (Dimensionen);10;Ja;Gebäudeaufnahme;MICHI;0.1;2026-08-03;300;Fachkundig;-;;Objekt
Anzahl_Roehren;Anzahl Röhren je Kollektor?;Objekt;;;;Solarkollektoren;Röhrenkollektor;Zahl;;;-;immer;Nein;Nein;Röhren zählen.;Geometrie & Maße (Dimensionen);20;Ja;Gebäudeaufnahme;MICHI;0.1;2026-08-03;300;Fachkundig;-;;Objekt
Anzahl_Kollektoren;Anzahl Kollektoren im Feld?;Objekt;;;;Solarkollektoren;Röhrenkollektor;Zahl;;;-;immer;Nein;Nein;;Geometrie & Maße (Dimensionen);30;Ja;Gebäudeaufnahme;MICHI;0.1;2026-08-03;300;Fachkundig;-;;Objekt
Ausrichtung;Ausrichtung (Himmelsrichtung)?;Objekt;;;;Solarkollektoren;Röhrenkollektor;Einzelauswahl;"Süd;Südost;Südwest;Ost;West;Nord;weiß nicht";;-;immer;Ja;Nein;Nach welcher Himmelsrichtung die Kollektoren zeigen.;Geometrie & Maße (Dimensionen);50;Ja;Gebäudeaufnahme;MICHI;0.1;2026-08-03;200;Laie;-;;Objekt
Azimut_Grad;Azimut in ° (0 = Süd, falls bekannt)?;Objekt;;;;Solarkollektoren;Röhrenkollektor;Zahl;;;°;immer;Nein;Nein;Genauer Wert für die Ertragsberechnung (−90 Ost … +90 West).;Geometrie & Maße (Dimensionen);60;Ja;Gebäudeaufnahme;MICHI;0.1;2026-08-03;400;Fachkundig;-;;Objekt
Neigung;Neigung/Anstellwinkel (°)?;Objekt;;;;Solarkollektoren;Röhrenkollektor;Zahl;;;°;immer;Nein;Nein;0 = waagerecht, 90 = senkrecht. Bei Aufdach = Dachneigung.;Geometrie & Maße (Dimensionen);70;Ja;Gebäudeaufnahme;MICHI;0.1;2026-08-03;300;Fachkundig;-;;Objekt
Schaeden;Sichtbare Schäden? (Mehrfachauswahl);Objekt;;;;Solarkollektoren;Röhrenkollektor;Mehrfachauswahl;"keine;Glasbruch;Kondensat in Röhren;Verschmutzung;weiß nicht";;-;immer;Nein;Nein;Kondensat in einer Röhre deutet auf Vakuumverlust.;Schäden / Mangel;10;Ja;Gebäudeaufnahme;MICHI;0.1;2026-08-03;200;Laie;-;;Objekt
Foto_Uebersicht;Übersichtsfoto des Kollektorfeldes;Objekt;;;;Solarkollektoren;Röhrenkollektor;Foto-Upload;;;-;immer;Nein;Ja;Ganzes Feld inkl. Ausrichtung/Umgebung.;Dokumentation / Foto;10;Ja;Gebäudeaufnahme;MICHI;0.1;2026-08-03;200;Laie;Übersicht;;Objekt
Bauform;Bauform der Solarstation?;Objekt;;;;Solarstation;Solarstation;Einzelauswahl;"Kompaktstation (VL+RL);Einzelkomponenten;weiß nicht";;-;immer;Ja;Nein;;Solar;10;Ja;Gebäudeaufnahme;MICHI;0.1;2026-08-03;300;Fachkundig;-;;Objekt
Glykol_Art;Wärmeträger-/Frostschutzmittel im Solarkreis?;Objekt;;;;Solarstation;Solarstation;Einzelauswahl;"Propylenglykol;Ethylenglykol;Fertiggemisch (z. B. Tyfocor);weiß nicht";;-;immer;Ja;Nein;Das Medium im gesamten Solarkreis – hier einmal erfassen.;Solar;20;Ja;Gebäudeaufnahme;MICHI;0.1;2026-08-03;300;Fachkundig;-;;Objekt
Glykol_Frostschutz;Frostschutz bis (°C)?;Objekt;;;;Solarstation;Solarstation;Zahl;;;°C;immer;Nein;Nein;"Mit Refraktometer messbar; bestimmt den Glykolanteil.";Solar;30;Ja;Gebäudeaufnahme;MICHI;0.1;2026-08-03;400;Fachkundig;-;;Objekt
Glykol_Gehalt;Glykolgehalt (%), falls bekannt?;Objekt;;;;Solarstation;Solarstation;Zahl;;;%;immer;Nein;Nein;;Solar;40;Ja;Gebäudeaufnahme;MICHI;0.1;2026-08-03;400;Fachkundig;-;;Objekt
Betriebsdruck;Betriebsdruck am Manometer (bar)?;Objekt;;;;Solarstation;Solarstation;Zahl;;;bar;immer;Nein;Nein;Aktueller Anlagendruck.;Solar;50;Ja;Gebäudeaufnahme;MICHI;0.1;2026-08-03;300;Fachkundig;-;;Objekt
Durchfluss;Durchfluss am Tacosetter (l/min)?;Objekt;;;;Solarstation;Solarstation;Zahl;;;l/min;immer;Nein;Nein;Aktuelle Anzeige des Durchflussmessers.;Solar;60;Ja;Gebäudeaufnahme;MICHI;0.1;2026-08-03;400;Fachkundig;-;;Objekt
Pumpe_integriert;Ist die Solarpumpe in der Station integriert?;Objekt;;;;Solarstation;Solarstation;Ja/Nein;"Ja;Nein;weiß nicht";;-;immer;Nein;Nein;"Bei „Ja"" als Sub-Objekt Pumpe erfassen.";Struktur & Verknüpfung;10;Ja;Gebäudeaufnahme;MICHI;0.1;2026-08-03;300;Fachkundig;-;;Objekt
Regelung_integriert;Solarregler integriert/vorhanden?;Objekt;;;;Solarstation;Solarstation;Ja/Nein;"Ja;Nein;weiß nicht";;-;immer;Nein;Nein;;Solar;70;Ja;Gebäudeaufnahme;MICHI;0.1;2026-08-03;300;Fachkundig;-;;Objekt
Schaeden;Sichtbare Schäden? (Mehrfachauswahl);Objekt;;;;Solarstation;Solarstation;Mehrfachauswahl;"keine;Undichtigkeit/Feuchte;Korrosion;Fehlermeldung am Regler;weiß nicht";;-;immer;Nein;Nein;;Schäden / Mangel;10;Ja;Gebäudeaufnahme;MICHI;0.1;2026-08-03;200;Laie;-;;Objekt
Foto_Uebersicht;Übersichtsfoto der Solarstation;Objekt;;;;Solarstation;Solarstation;Foto-Upload;;;-;immer;Nein;Ja;Station inkl. Pumpe, Sicherheitsgruppe und Anzeigen.;Dokumentation / Foto;10;Ja;Gebäudeaufnahme;MICHI;0.1;2026-08-03;200;Laie;Übersicht;;Objekt
Foto_Anzeige;Foto der Anzeigen (Druck/Durchfluss/Regler);Objekt;;;;Solarstation;Solarstation;Foto-Upload;;;-;immer;Nein;Nein;Manometer, Tacosetter und Reglerdisplay ablichten.;Dokumentation / Foto;20;Ja;Gebäudeaufnahme;MICHI;0.1;2026-08-03;300;Laie;Detail;;Objekt
Montageart;Wie ist die EE-Fläche montiert?;Bereich;;Erneuerbare Energien;;;;Einzelauswahl;"Aufdach (Schrägdach);Indach;Flachdach;Fassade;Freiland;weiß nicht";;-;immer;Ja;Nein;Gilt für die ganze EE-Fläche (Solar und PV). Die genaue Ausrichtung/Aufständerung wird am einzelnen Modul erfasst.;Geometrie & Maße (Dimensionen);10;Ja;Gebäudeaufnahme;MICHI;0.1;2026-08-03;200;Laie;-;;
Verschattung;Verschattung der Fläche?;Bereich;;Erneuerbare Energien;;;;Einzelauswahl;"keine;teilweise (morgens/abends);stark;weiß nicht";;-;immer;Nein;Nein;Bäume, Nachbargebäude, Aufbauten.;Nutzung & Betrieb;10;Ja;Gebäudeaufnahme;MICHI;0.1;2026-08-03;300;Fachkundig;-;;
Nennweite;Nennweite der Leitung?;Objekt;;;;Abwasserinstallation;Sammelleitung (liegend);Einzelauswahl;"DN40;DN50;DN70;DN100;DN125;DN150;weiß nicht";;-;immer;Ja;Nein;;Geometrie & Maße (Dimensionen);10;Ja;Gebäudeaufnahme;MICHI;0.1;2026-08-03;300;Fachkundig;-;;Objekt
Laenge;Länge der Leitung in diesem Raum (m)?;Objekt;;;;Abwasserinstallation;Sammelleitung (liegend);Zahl;;;m;immer;Ja;Nein;;Geometrie & Maße (Dimensionen);20;Ja;Gebäudeaufnahme;MICHI;0.1;2026-08-03;300;Fachkundig;-;;Objekt
Gefaelle;Gefälle der Leitung (%)?;Objekt;;;;Abwasserinstallation;Sammelleitung (liegend);Zahl;;;%;immer;Nein;Nein;Neigung in Fließrichtung. Norm meist 0,5–2 %. Mit Wasserwaage/Gefällemesser schätzbar.;Geometrie & Maße (Dimensionen);30;Ja;Gebäudeaufnahme;MICHI;0.1;2026-08-03;400;Fachkundig;-;;Objekt
Material;Rohrmaterial?;Objekt;;;;Abwasserinstallation;Sammelleitung (liegend);Einzelauswahl;"PVC/HT (Kunststoff);SML-Guss;Steinzeug;PE;weiß nicht";;-;immer;Ja;Nein;;Sanitär;40;Ja;Gebäudeaufnahme;MICHI;0.1;2026-08-03;300;Fachkundig;-;;Objekt
Verlegeart;Wie ist die Leitung verlegt?;Objekt;;;;Abwasserinstallation;Sammelleitung (liegend);Einzelauswahl;"freiliegend;in Vorwand/Schacht;im Boden/Estrich;erdverlegt;abgehängt (Decke);weiß nicht";;-;immer;Ja;Nein;;Sanitär;50;Ja;Gebäudeaufnahme;MICHI;0.1;2026-08-03;300;Fachkundig;-;;Objekt
Schallschutz;Ist die Leitung schallgedämmt/ummantelt?;Objekt;;;;Abwasserinstallation;Sammelleitung (liegend);Einzelauswahl;"ja;teilweise;nein;weiß nicht";;-;immer;Nein;Nein;"Bei „ja"" folgt die Dämmung-Erfassung.";Bauphysik – Hülle;60;Ja;Gebäudeaufnahme;MICHI;0.1;2026-08-03;300;Fachkundig;-;;Objekt
Schaeden;Sichtbare Schäden? (Mehrfachauswahl);Objekt;;;;Abwasserinstallation;Sammelleitung (liegend);Mehrfachauswahl;"keine;Undichtigkeit/Feuchtespuren;Verstopfungsspuren;Korrosion;Muffe locker;weiß nicht";;-;immer;Nein;Nein;;Schäden / Mangel;10;Ja;Gebäudeaufnahme;MICHI;0.1;2026-08-03;200;Laie;-;;Objekt
Foto_Uebersicht;Übersichtsfoto des Leitungsabschnitts;Objekt;;;;Abwasserinstallation;Sammelleitung (liegend);Foto-Upload;;;-;immer;Nein;Ja;Abschnitt inkl. Formstücke und Verlauf.;Dokumentation / Foto;10;Ja;Gebäudeaufnahme;MICHI;0.1;2026-08-03;200;Laie;Übersicht;;Objekt
Entwaesserung_Ziel;Wohin entwässert die Leitung?;Objekt;;;;Abwasserinstallation;Sammelleitung (liegend);Einzelauswahl;"Fallleitung;Grundleitung;andere Sammelleitung;Hebeanlage;weiß nicht";;-;immer;Nein;Nein;Verknüpfung im Strangschema.;Struktur & Verknüpfung;5;Ja;Gebäudeaufnahme;MICHI;0.1;2026-08-03;300;Fachkundig;-;;Objekt
Raumwechsel;Verlässt die Leitung diesen Raum?;Objekt;;;;Abwasserinstallation;Sammelleitung (liegend);Ja/Nein;"Ja;Nein;weiß nicht";;-;immer;Ja;Nein;"Bei „Ja"" wird ein Folgeabschnitt angelegt.";Struktur & Verknüpfung;10;Ja;Gebäudeaufnahme;MICHI;0.1;2026-08-03;200;Laie;-;;Objekt
NeuerRaum;In welchen Raum führt die Leitung?;Objekt;;;;Abwasserinstallation;Sammelleitung (liegend);Einzelauswahl;(Raumliste);;-;«Raumwechsel» = Ja;Ja;Nein;;Struktur & Verknüpfung;20;Ja;Gebäudeaufnahme;MICHI;0.1;2026-08-03;200;Laie;-;;Objekt
Wanddurchbruch_flag;Führt die Leitung dabei durch einen Wanddurchbruch?;Objekt;;;;Abwasserinstallation;Sammelleitung (liegend);Ja/Nein;"Ja;Nein;weiß nicht";;-;«Raumwechsel» = Ja;Ja;Nein;"Nur bei echtem Wand-/Deckendurchbruch „Ja"" (nicht bei offenen Verschlägen).";Struktur & Verknüpfung;30;Ja;Gebäudeaufnahme;MICHI;0.1;2026-08-03;200;Laie;-;;Objekt
FS_Art;Art des Formstücks?;Objekt;;;;Abwasserinstallation;Formstück/Anschlussstück;Einzelauswahl;"Bogen 45°;Bogen 87°;Abzweig 45°;Abzweig 87°;Reduzierung;Übergang/Muffe;Doppelabzweig;weiß nicht";;-;immer;Ja;Nein;;Sanitär;10;Ja;Gebäudeaufnahme;MICHI;0.1;2026-08-03;300;Fachkundig;-;;Sub-Objekt
FS_Foto;Foto des Formstücks;Objekt;;;;Abwasserinstallation;Formstück/Anschlussstück;Foto-Upload;;;-;immer;Nein;Nein;;Dokumentation / Foto;10;Ja;Gebäudeaufnahme;MICHI;0.1;2026-08-03;300;Laie;Detail;;Sub-Objekt
RO_Zugang;Zugänglichkeit der Reinigungsöffnung?;Objekt;;;;Abwasserinstallation;Reinigungsöffnung/Putzstück;Einzelauswahl;"frei zugänglich;hinter Revisionsklappe;verbaut;weiß nicht";;-;immer;Nein;Nein;;Sanitär;10;Ja;Gebäudeaufnahme;MICHI;0.1;2026-08-03;300;Fachkundig;-;;Sub-Objekt
RO_Foto;Foto der Reinigungsöffnung;Objekt;;;;Abwasserinstallation;Reinigungsöffnung/Putzstück;Foto-Upload;;;-;immer;Nein;Nein;;Dokumentation / Foto;20;Ja;Gebäudeaufnahme;MICHI;0.1;2026-08-03;300;Laie;Detail;;Sub-Objekt
Zaehlernummer;Zählernummer (falls lesbar)?;Objekt;;;;Gaszähler;Gaszähler;Text;;;-;immer;Nein;Nein;Auf dem Zähler aufgedruckt.;Allgemein / Identifikation;10;Ja;Gebäudeaufnahme;MICHI;0.1;2026-08-03;300;Fachkundig;-;;Objekt
Zaehlerart;Bauart des Zählers?;Objekt;;;;Gaszähler;Gaszähler;Einzelauswahl;"Balgengaszähler;Drehkolbenzähler;Ultraschallzähler;weiß nicht";;-;immer;Nein;Nein;;Gas;10;Ja;Gebäudeaufnahme;MICHI;0.1;2026-08-03;300;Fachkundig;-;;Objekt
Zaehlergroesse;Zählergröße?;Objekt;;;;Gaszähler;Gaszähler;Einzelauswahl;"G4;G6;G10;G16;>G16;weiß nicht";;-;immer;Nein;Nein;"Kennzeichnung wie „G4"" auf dem Zähler = max. Durchfluss.";Gas;20;Ja;Gebäudeaufnahme;MICHI;0.1;2026-08-03;400;Fachkundig;-;;Objekt
Zaehlerstand;Aktueller Zählerstand (m³)?;Objekt;;;;Gaszähler;Gaszähler;Zahl;;;m³;immer;Nein;Nein;;Nutzung & Betrieb;10;Ja;Gebäudeaufnahme;MICHI;0.1;2026-08-03;300;Laie;-;;Objekt
Eichdatum;Eichdatum/Baujahr (falls lesbar)?;Objekt;;;;Gaszähler;Gaszähler;Text;;;-;immer;Nein;Nein;Eichmarke am Zähler.;Allgemein / Identifikation;20;Ja;Gebäudeaufnahme;MICHI;0.1;2026-08-03;300;Fachkundig;-;;Objekt
GS_Hahn_vorh;Hauptabsperrhahn (GS-Hahn) am Zähler vorhanden?;Objekt;;;;Gaszähler;Gaszähler;Ja/Nein;"Ja;Nein;weiß nicht";;-;immer;Ja;Nein;Absperrhahn direkt vor/am Zähler.;Gas;30;Ja;Gebäudeaufnahme;MICHI;0.1;2026-08-03;200;Laie;-;;Objekt
Stroemungswaechter_vorh;Gasströmungswächter vorhanden?;Objekt;;;;Gaszähler;Gaszähler;Ja/Nein;"Ja;Nein;weiß nicht";;-;immer;Nein;Nein;Sicherheitsbauteil, das bei Leckage absperrt.;Gas;40;Ja;Gebäudeaufnahme;MICHI;0.1;2026-08-03;400;Fachkundig;-;;Objekt
Regler_vorh;Gasdruckregler vorhanden?;Objekt;;;;Gaszähler;Gaszähler;Ja/Nein;"Ja;Nein;weiß nicht";;-;immer;Nein;Nein;;Gas;50;Ja;Gebäudeaufnahme;MICHI;0.1;2026-08-03;400;Fachkundig;-;;Objekt
Schaeden;Auffälligkeiten? (Mehrfachauswahl);Objekt;;;;Gaszähler;Gaszähler;Mehrfachauswahl;"keine;Korrosion;Gasgeruch (sofort melden!);lose Verschraubung;weiß nicht";;-;immer;Nein;Nein;Bei Gasgeruch: nichts schalten, lüften, Netzbetreiber/Feuerwehr informieren.;Schäden / Mangel;10;Ja;Gebäudeaufnahme;MICHI;0.1;2026-08-03;200;Laie;-;;Objekt
Foto_Uebersicht;Übersichtsfoto der Zähleranlage;Objekt;;;;Gaszähler;Gaszähler;Foto-Upload;;;-;immer;Nein;Ja;Zähler inkl. Absperrhahn und Anschlüsse.;Dokumentation / Foto;10;Ja;Gebäudeaufnahme;MICHI;0.1;2026-08-03;200;Laie;Übersicht;;Objekt
Foto_Zaehlerstand;Foto von Zählernummer und Stand;Objekt;;;;Gaszähler;Gaszähler;Foto-Upload;;;-;immer;Nein;Nein;Nummer und Zählwerk scharf.;Dokumentation / Foto;20;Ja;Gebäudeaufnahme;MICHI;0.1;2026-08-03;200;Laie;Typenschild;;Objekt
Montageart;Bauart/Montage der Unterverteilung?;Objekt;;;;Elektroverteilung;Unterverteilung;Einzelauswahl;"Aufputz;Unterputz;Standschrank;weiß nicht";;-;immer;Ja;Nein;;Elektro;10;Ja;Gebäudeaufnahme;MICHI;0.1;2026-08-03;200;Laie;-;;Objekt
Sicherungsart;Welche Sicherungen sind verbaut?;Objekt;;;;Elektroverteilung;Unterverteilung;Einzelauswahl;"Leitungsschutzschalter (LS/Kipphebel);Schmelzsicherungen (Schraub/Keramik);gemischt;weiß nicht";;-;immer;Ja;Nein;Keramik-Schraubsicherungen deuten auf eine ältere Anlage.;Elektro;20;Ja;Gebäudeaufnahme;MICHI;0.1;2026-08-03;200;Laie;-;;Objekt
Anzahl_Stromkreise;Anzahl Stromkreise/Sicherungen?;Objekt;;;;Elektroverteilung;Unterverteilung;Zahl;;;-;immer;Nein;Nein;Grob zählen.;Elektro;30;Ja;Gebäudeaufnahme;MICHI;0.1;2026-08-03;300;Fachkundig;-;;Objekt
Anzahl_Reihen;Anzahl Reihen/Teilungseinheiten?;Objekt;;;;Elektroverteilung;Unterverteilung;Zahl;;;-;immer;Nein;Nein;;Geometrie & Maße (Dimensionen);10;Ja;Gebäudeaufnahme;MICHI;0.1;2026-08-03;400;Fachkundig;-;;Objekt
Hauptschalter_vorh;Hauptschalter vorhanden?;Objekt;;;;Elektroverteilung;Unterverteilung;Ja/Nein;"Ja;Nein;weiß nicht";;-;immer;Nein;Nein;;Elektro;40;Ja;Gebäudeaufnahme;MICHI;0.1;2026-08-03;300;Fachkundig;-;;Objekt
FI_vorh;Fehlerstromschutzschalter (FI/RCD) vorhanden?;Objekt;;;;Elektroverteilung;Unterverteilung;Ja/Nein;"Ja;Nein;weiß nicht";;-;immer;Ja;Nein;"Schalter mit Prüftaste („Test""). Bei „Ja"" folgt die FI-Erfassung.";Elektro;50;Ja;Gebäudeaufnahme;MICHI;0.1;2026-08-03;200;Laie;-;;Objekt
Ueberspannungsschutz_vorh;Überspannungsschutz (SPD) vorhanden?;Objekt;;;;Elektroverteilung;Unterverteilung;Ja/Nein;"Ja;Nein;weiß nicht";;-;immer;Nein;Nein;Meist mit Statusfenster (grün/rot).;Elektro;60;Ja;Gebäudeaufnahme;MICHI;0.1;2026-08-03;400;Fachkundig;-;;Objekt
Beschriftung;Beschriftung der Stromkreise?;Objekt;;;;Elektroverteilung;Unterverteilung;Einzelauswahl;"vollständig;teilweise;keine;weiß nicht";;-;immer;Nein;Nein;;Elektro;70;Ja;Gebäudeaufnahme;MICHI;0.1;2026-08-03;300;Laie;-;;Objekt
Baujahr;Baujahr/Alter der Verteilung (falls bekannt)?;Objekt;;;;Elektroverteilung;Unterverteilung;Jahr;;;-;immer;Nein;Nein;Schätzung genügt.;Allgemein / Identifikation;10;Ja;Gebäudeaufnahme;MICHI;0.1;2026-08-03;300;Fachkundig;-;;Objekt
Schaeden;Auffälligkeiten? (Mehrfachauswahl);Objekt;;;;Elektroverteilung;Unterverteilung;Mehrfachauswahl;"keine;verschmort/Hitzespuren;lose Klemmen;Feuchte/Korrosion;fehlende Abdeckung;weiß nicht";;-;immer;Nein;Nein;Abdeckungen nicht entfernen – nur sichtbare Auffälligkeiten.;Schäden / Mangel;10;Ja;Gebäudeaufnahme;MICHI;0.1;2026-08-03;200;Laie;-;;Objekt
Foto_Uebersicht;Übersichtsfoto (geschlossen);Objekt;;;;Elektroverteilung;Unterverteilung;Foto-Upload;;;-;immer;Nein;Ja;;Dokumentation / Foto;10;Ja;Gebäudeaufnahme;MICHI;0.1;2026-08-03;200;Laie;Übersicht;;Objekt
Foto_Innen;Foto der Sicherungen/Beschriftung (falls gefahrlos);Objekt;;;;Elektroverteilung;Unterverteilung;Foto-Upload;;;-;immer;Nein;Nein;Nur die Klappe öffnen, Abdeckung NICHT entfernen.;Dokumentation / Foto;20;Ja;Gebäudeaufnahme;MICHI;0.1;2026-08-03;300;Fachkundig;Detail;;Objekt
RCD_Typ;FI-Typ?;Objekt;;;;Elektroverteilung;Fehlerstromschutzschalter (RCD/FI);Einzelauswahl;"Typ AC;Typ A;Typ B;Typ F;weiß nicht";;-;immer;Nein;Nein;Aufgedrucktes Symbol am FI.;Elektro;10;Ja;Gebäudeaufnahme;MICHI;0.1;2026-08-03;400;Fachkundig;-;;Sub-Objekt
RCD_Bemessung;Bemessung (z. B. 40A / 30mA)?;Objekt;;;;Elektroverteilung;Fehlerstromschutzschalter (RCD/FI);Text;;;-;immer;Nein;Nein;;Elektro;20;Ja;Gebäudeaufnahme;MICHI;0.1;2026-08-03;400;Fachkundig;-;;Sub-Objekt
RCD_Anzahl;Anzahl FI-Schalter?;Objekt;;;;Elektroverteilung;Fehlerstromschutzschalter (RCD/FI);Zahl;;;-;immer;Nein;Nein;;Elektro;30;Ja;Gebäudeaufnahme;MICHI;0.1;2026-08-03;300;Fachkundig;-;;Sub-Objekt
RCD_Foto;Foto der FI-Schalter;Objekt;;;;Elektroverteilung;Fehlerstromschutzschalter (RCD/FI);Foto-Upload;;;-;immer;Nein;Nein;;Dokumentation / Foto;10;Ja;Gebäudeaufnahme;MICHI;0.1;2026-08-03;400;Fachkundig;Detail;;Sub-Objekt
LS_Charakteristik;Charakteristik der LS-Schalter?;Objekt;;;;Elektroverteilung;Leitungsschutzschalter (LS);Einzelauswahl;"B;C;gemischt;weiß nicht";;-;immer;Nein;Nein;Buchstabe vor der Amperezahl (z. B. B16).;Elektro;10;Ja;Gebäudeaufnahme;MICHI;0.1;2026-08-03;400;Fachkundig;-;;Sub-Objekt
LS_Anzahl;Anzahl LS-Schalter?;Objekt;;;;Elektroverteilung;Leitungsschutzschalter (LS);Zahl;;;-;immer;Nein;Nein;;Elektro;20;Ja;Gebäudeaufnahme;MICHI;0.1;2026-08-03;300;Fachkundig;-;;Sub-Objekt
SPD_Status;Statusanzeige des Überspannungsschutzes?;Objekt;;;;Elektroverteilung;Überspannungsschutz (SPD);Einzelauswahl;"grün/ok;rot/defekt;weiß nicht";;-;immer;Nein;Nein;;Elektro;10;Ja;Gebäudeaufnahme;MICHI;0.1;2026-08-03;400;Fachkundig;-;;Sub-Objekt
SPD_Foto;Foto des Überspannungsschutzes;Objekt;;;;Elektroverteilung;Überspannungsschutz (SPD);Foto-Upload;;;-;immer;Nein;Nein;;Dokumentation / Foto;10;Ja;Gebäudeaufnahme;MICHI;0.1;2026-08-03;400;Fachkundig;Detail;;Sub-Objekt
Nabenabstand;Nabenabstand/Bauhöhe (cm)?;Objekt;;;;Heizflächen – statisch;Gliederheizkörper;Zahl;;;cm;immer;Ja;Nein;;Geometrie & Maße (Dimensionen);20;Ja;Gebäudeaufnahme;MICHI;0.1;2026-08-03;300;Fachkundig;-;;Objekt
Glieder;Anzahl der Glieder?;Objekt;;;;Heizflächen – statisch;Gliederheizkörper;Zahl;;;Stück;immer;Ja;Nein;;Geometrie & Maße (Dimensionen);30;Ja;Gebäudeaufnahme;MICHI;0.1;2026-08-03;300;Laie;-;;Objekt
Bautiefe;Bautiefe/Lagen?;Objekt;;;;Heizflächen – statisch;Gliederheizkörper;Einzelauswahl;"einlagig;zweilagig;mehrlagig;weiß nicht";;-;immer;Nein;Nein;;Geometrie & Maße (Dimensionen);40;Ja;Gebäudeaufnahme;MICHI;0.1;2026-08-03;400;Fachkundig;-;;Objekt
Bautyp;Bautyp (Anzahl Platten/Konvektorbleche)?;Objekt;;;;Heizflächen – statisch;Plattenheizkörper;Einzelauswahl;"Typ 10;Typ 11;Typ 21;Typ 22;Typ 33;weiß nicht";;-;immer;Nein;Nein;Steht oft seitlich am Heizkörper.;Heizung;20;Ja;Gebäudeaufnahme;MICHI;0.1;2026-08-03;300;Fachkundig;-;;Objekt
Bauhoehe;Bauhöhe (cm)?;Objekt;;;;Heizflächen – statisch;Plattenheizkörper;Zahl;;;cm;immer;Ja;Nein;;Geometrie & Maße (Dimensionen);30;Ja;Gebäudeaufnahme;MICHI;0.1;2026-08-03;200;Laie;-;;Objekt
Baulaenge;Baulänge (cm)?;Objekt;;;;Heizflächen – statisch;Plattenheizkörper;Zahl;;;cm;immer;Ja;Nein;;Geometrie & Maße (Dimensionen);40;Ja;Gebäudeaufnahme;MICHI;0.1;2026-08-03;200;Laie;-;;Objekt
Betriebsart;Betriebsart?;Objekt;;;;Heizflächen – statisch;Badheizkörper;Einzelauswahl;"wassergeführt;elektrisch;Mischbetrieb;weiß nicht";;-;immer;Ja;Nein;;Heizung;20;Ja;Gebäudeaufnahme;MICHI;0.1;2026-08-03;200;Laie;-;;Objekt
Bauhoehe;Bauhöhe (cm)?;Objekt;;;;Heizflächen – statisch;Badheizkörper;Zahl;;;cm;immer;Nein;Nein;;Geometrie & Maße (Dimensionen);30;Ja;Gebäudeaufnahme;MICHI;0.1;2026-08-03;300;Fachkundig;-;;Objekt
Baubreite;Baubreite (cm)?;Objekt;;;;Heizflächen – statisch;Badheizkörper;Zahl;;;cm;immer;Nein;Nein;;Geometrie & Maße (Dimensionen);40;Ja;Gebäudeaufnahme;MICHI;0.1;2026-08-03;300;Fachkundig;-;;Objekt
Bauform;Bauform?;Objekt;;;;Heizflächen – statisch;Konvektor;Einzelauswahl;"Unterflurkonvektor;freistehend;Wandkonvektor;weiß nicht";;-;immer;Ja;Nein;;Heizung;20;Ja;Gebäudeaufnahme;MICHI;0.1;2026-08-03;300;Fachkundig;-;;Objekt
Geblaese;Mit Gebläse (aktiv)?;Objekt;;;;Heizflächen – statisch;Konvektor;Ja/Nein;"Ja;Nein;weiß nicht";;-;immer;Nein;Nein;;Heizung;30;Ja;Gebäudeaufnahme;MICHI;0.1;2026-08-03;300;Fachkundig;-;;Objekt
Laenge;Länge (cm)?;Objekt;;;;Heizflächen – statisch;Konvektor;Zahl;;;cm;immer;Nein;Nein;;Geometrie & Maße (Dimensionen);40;Ja;Gebäudeaufnahme;MICHI;0.1;2026-08-03;300;Fachkundig;-;;Objekt
Hoehe;Höhe/Tiefe (cm)?;Objekt;;;;Heizflächen – statisch;Konvektor;Zahl;;;cm;immer;Nein;Nein;;Geometrie & Maße (Dimensionen);50;Ja;Gebäudeaufnahme;MICHI;0.1;2026-08-03;300;Fachkundig;-;;Objekt
Bauart;Bauart?;Objekt;;;;Heizflächen – statisch;Wandheizkörper;Einzelauswahl;"Platten;Glieder;Röhren;weiß nicht";;-;immer;Ja;Nein;;Heizung;20;Ja;Gebäudeaufnahme;MICHI;0.1;2026-08-03;300;Fachkundig;-;;Objekt
Bauhoehe;Bauhöhe (cm)?;Objekt;;;;Heizflächen – statisch;Wandheizkörper;Zahl;;;cm;immer;Ja;Nein;;Geometrie & Maße (Dimensionen);30;Ja;Gebäudeaufnahme;MICHI;0.1;2026-08-03;200;Laie;-;;Objekt
Baulaenge;Baulänge (cm)?;Objekt;;;;Heizflächen – statisch;Wandheizkörper;Zahl;;;cm;immer;Ja;Nein;;Geometrie & Maße (Dimensionen);40;Ja;Gebäudeaufnahme;MICHI;0.1;2026-08-03;200;Laie;-;;Objekt
FH_System;Flächenheizungs-System?;Objekt;;;;Heizflächen – Flächenheizung;;Einzelauswahl;"Nasssystem (im Estrich);Trockensystem;Klemmschiene/Noppenplatte;weiß nicht";;-;immer;Ja;Nein;;Heizung;10;Ja;Gebäudeaufnahme;MICHI;0.1;2026-08-03;300;Fachkundig;-;;Objekt
FH_Flaeche;Beheizte Fläche (m²)?;Objekt;;;;Heizflächen – Flächenheizung;;Zahl;;;m²;immer;Nein;Nein;;Geometrie & Maße (Dimensionen);10;Ja;Gebäudeaufnahme;MICHI;0.1;2026-08-03;300;Fachkundig;-;;Objekt
FH_Verlegeabstand;Verlegeabstand (cm)?;Objekt;;;;Heizflächen – Flächenheizung;;Zahl;;;cm;immer;Nein;Nein;;Geometrie & Maße (Dimensionen);20;Ja;Gebäudeaufnahme;MICHI;0.1;2026-08-03;400;Fachkundig;-;;Objekt
FH_Regelung;Regelung der Flächenheizung?;Objekt;;;;Heizflächen – Flächenheizung;;Einzelauswahl;"Einzelraumregler (Thermostat);Stellantriebe am Verteiler;keine/manuell;weiß nicht";;-;immer;Nein;Nein;;Heizung;20;Ja;Gebäudeaufnahme;MICHI;0.1;2026-08-03;300;Fachkundig;-;;Objekt
FH_Verteiler;Anbindung an welchen Verteiler?;Objekt;;;;Heizflächen – Flächenheizung;;Einzelauswahl;(Verteiler-Liste);;-;immer;Nein;Nein;;Struktur & Verknüpfung;10;Ja;Gebäudeaufnahme;MICHI;0.1;2026-08-03;400;Fachkundig;-;;Objekt
FH_Schaeden;Sichtbare Auffälligkeiten? (Mehrfach);Objekt;;;;Heizflächen – Flächenheizung;;Mehrfachauswahl;"keine;Feuchte/Wasserschaden;Risse im Belag;weiß nicht";;-;immer;Nein;Nein;;Schäden / Mangel;10;Ja;Gebäudeaufnahme;MICHI;0.1;2026-08-03;200;Laie;-;;Objekt
FH_Foto;Foto (Verteiler/Fläche);Objekt;;;;Heizflächen – Flächenheizung;;Foto-Upload;;;-;immer;Nein;Ja;;Dokumentation / Foto;10;Ja;Gebäudeaufnahme;MICHI;0.1;2026-08-03;200;Laie;Übersicht;;Objekt
WS_Volumen;Speichervolumen (Liter)?;Objekt;;;;Wärmespeicher;;Zahl;;;l;immer;Ja;Nein;;Geometrie & Maße (Dimensionen);10;Ja;Gebäudeaufnahme;MICHI;0.1;2026-08-03;200;Laie;-;;Objekt
WS_Beheizung;Wie wird der Speicher beladen?;Objekt;;;;Wärmespeicher;;Einzelauswahl;"über Erzeuger (Register);elektrisch (Heizstab);Kombi;Frischwasser/Ladesystem;weiß nicht";;-;immer;Ja;Nein;;Heizung;20;Ja;Gebäudeaufnahme;MICHI;0.1;2026-08-03;200;Laie;-;;Objekt
WS_WT;Anzahl innenliegender Wärmetauscher?;Objekt;;;;Wärmespeicher;;Einzelauswahl;"0;1;2;weiß nicht";;-;immer;Nein;Nein;;Heizung;30;Ja;Gebäudeaufnahme;MICHI;0.1;2026-08-03;300;Fachkundig;-;;Objekt
WS_Daemmung;Ist der Speicher gedämmt?;Objekt;;;;Wärmespeicher;;Einzelauswahl;"ja, werkseitig;nachträglich;nein;weiß nicht";;-;immer;Ja;Nein;;Bauphysik – Hülle;40;Ja;Gebäudeaufnahme;MICHI;0.1;2026-08-03;200;Laie;-;;Objekt
WS_Schaeden;Sichtbare Schäden? (Mehrfach);Objekt;;;;Wärmespeicher;;Mehrfachauswahl;"keine;Korrosion/Rost;Undichtigkeit/Feuchte;Dämmung beschädigt;weiß nicht";;-;immer;Nein;Nein;;Schäden / Mangel;10;Ja;Gebäudeaufnahme;MICHI;0.1;2026-08-03;200;Laie;-;;Objekt
WS_Foto;Übersichtsfoto;Objekt;;;;Wärmespeicher;;Foto-Upload;;;-;immer;Nein;Ja;;Dokumentation / Foto;10;Ja;Gebäudeaufnahme;MICHI;0.1;2026-08-03;200;Laie;Übersicht;;Objekt
HKV_Drucklos;Druckloser Verteiler (mit hydr. Weiche)?;Objekt;;;;Heizungsverteiler;Heizkreisverteiler;Ja/Nein;"Ja;Nein;weiß nicht";;-;immer;Nein;Nein;;Heizung;10;Ja;Gebäudeaufnahme;MICHI;0.1;2026-08-03;400;Fachkundig;-;;Objekt
HKV_Kreise;Anzahl Heizkreise?;Objekt;;;;Heizungsverteiler;Heizkreisverteiler;Zahl;;;-;immer;Nein;Nein;;Heizung;20;Ja;Gebäudeaufnahme;MICHI;0.1;2026-08-03;300;Fachkundig;-;;Objekt
HKV_Stellantriebe;Stellantriebe vorhanden?;Objekt;;;;Heizungsverteiler;Heizkreisverteiler;Ja/Nein;"Ja;Nein;weiß nicht";;-;immer;Nein;Nein;;Heizung;30;Ja;Gebäudeaufnahme;MICHI;0.1;2026-08-03;300;Fachkundig;-;;Objekt
HKV_Beschriftung;Beschriftung der Kreise?;Objekt;;;;Heizungsverteiler;Heizkreisverteiler;Einzelauswahl;"vollständig;teilweise;keine;weiß nicht";;-;immer;Nein;Nein;;Heizung;40;Ja;Gebäudeaufnahme;MICHI;0.1;2026-08-03;300;Fachkundig;-;;Objekt
HKV_Schaeden;Auffälligkeiten? (Mehrfach);Objekt;;;;Heizungsverteiler;Heizkreisverteiler;Mehrfachauswahl;"keine;Undichtigkeit/Feuchte;Korrosion;weiß nicht";;-;immer;Nein;Nein;;Schäden / Mangel;10;Ja;Gebäudeaufnahme;MICHI;0.1;2026-08-03;200;Laie;-;;Objekt
HKV_Foto;Übersichtsfoto;Objekt;;;;Heizungsverteiler;Heizkreisverteiler;Foto-Upload;;;-;immer;Nein;Ja;;Dokumentation / Foto;10;Ja;Gebäudeaufnahme;MICHI;0.1;2026-08-03;200;Laie;Übersicht;;Objekt
HW_Foto;Foto der hydraulischen Weiche;Objekt;;;;Heizungsverteiler;Hydraulische Weiche;Foto-Upload;;;-;immer;Nein;Nein;;Dokumentation / Foto;10;Ja;Gebäudeaufnahme;MICHI;0.1;2026-08-03;300;Fachkundig;Detail;;Sub-Objekt
UW_vorh;Überlaufwanne/Auffangwanne vorhanden?;Objekt;;;;Heizungsverteiler;Überlaufwanne;Ja/Nein;"Ja;Nein;weiß nicht";;-;immer;Nein;Nein;;Heizung;10;Ja;Gebäudeaufnahme;MICHI;0.1;2026-08-03;300;Fachkundig;-;;Sub-Objekt
REG_Art;Art der Regelung?;Objekt;;;;Heizungsregelung;Regelung;Einzelauswahl;"witterungsgeführt;raumgeführt;Konstanttemperatur;Smart/App;weiß nicht";;-;immer;Nein;Nein;;Heizung;10;Ja;Gebäudeaufnahme;MICHI;0.1;2026-08-03;300;Fachkundig;-;;Objekt
REG_Display;Display/Bedienung?;Objekt;;;;Heizungsregelung;Regelung;Einzelauswahl;"analog/Drehknöpfe;digital (Display);Touch/App;weiß nicht";;-;immer;Nein;Nein;;Heizung;20;Ja;Gebäudeaufnahme;MICHI;0.1;2026-08-03;300;Fachkundig;-;;Objekt
REG_Foto;Foto der Regelung/Display;Objekt;;;;Heizungsregelung;Regelung;Foto-Upload;;;-;immer;Nein;Nein;;Dokumentation / Foto;10;Ja;Gebäudeaufnahme;MICHI;0.1;2026-08-03;200;Laie;Typenschild;;Objekt
WST_Art;Funktionsumfang der Station?;Objekt;;;;Wohnungsstation;Wohnungsstation;Einzelauswahl;"Heizung + TWW (Frischwasser);nur Heizung;nur TWW;weiß nicht";;-;immer;Ja;Nein;;Heizung;10;Ja;Gebäudeaufnahme;MICHI;0.1;2026-08-03;300;Fachkundig;-;;Objekt
WST_WMZ;Wärmemengenzähler integriert?;Objekt;;;;Wohnungsstation;Wohnungsstation;Ja/Nein;"Ja;Nein;weiß nicht";;-;immer;Nein;Nein;;Struktur & Verknüpfung;10;Ja;Gebäudeaufnahme;MICHI;0.1;2026-08-03;300;Fachkundig;-;;Objekt
WST_Schaeden;Auffälligkeiten? (Mehrfach);Objekt;;;;Wohnungsstation;Wohnungsstation;Mehrfachauswahl;"keine;Undichtigkeit/Feuchte;Fehlermeldung;weiß nicht";;-;immer;Nein;Nein;;Schäden / Mangel;10;Ja;Gebäudeaufnahme;MICHI;0.1;2026-08-03;200;Laie;-;;Objekt
WST_Foto;Übersichtsfoto;Objekt;;;;Wohnungsstation;Wohnungsstation;Foto-Upload;;;-;immer;Nein;Ja;;Dokumentation / Foto;10;Ja;Gebäudeaufnahme;MICHI;0.1;2026-08-03;200;Laie;Übersicht;;Objekt
SO_Montage;Wie ist das Objekt montiert?;Objekt;;;;Sanitärobjekte;;Einzelauswahl;"wandhängend;stehend/bodenstehend;Einbau/Möbel;weiß nicht";;-;immer;Ja;Nein;;Sanitär;10;Ja;Gebäudeaufnahme;MICHI;0.1;2026-08-03;200;Laie;-;;Objekt
SO_Material;Material?;Objekt;;;;Sanitärobjekte;;Einzelauswahl;"Keramik;Acryl;Stahl-Email;Mineralguss;Edelstahl;weiß nicht";;-;immer;Nein;Nein;;Sanitär;20;Ja;Gebäudeaufnahme;MICHI;0.1;2026-08-03;200;Laie;-;;Objekt
SO_Vorwand;Vorwandinstallationselement vorhanden?;Objekt;;;;Sanitärobjekte;;Ja/Nein;"Ja;Nein;weiß nicht";;-;immer;Nein;Nein;;Struktur & Verknüpfung;10;Ja;Gebäudeaufnahme;MICHI;0.1;2026-08-03;300;Fachkundig;-;;Objekt
SO_Siphon;Ablauf/Siphon vorhanden?;Objekt;;;;Sanitärobjekte;;Ja/Nein;"Ja;Nein;weiß nicht";;-;immer;Nein;Nein;Geruchsverschluss – Übergang ins Abwasser.;Sanitär;30;Ja;Gebäudeaufnahme;MICHI;0.1;2026-08-03;200;Laie;-;;Objekt
SO_Schaeden;Sichtbare Schäden? (Mehrfach);Objekt;;;;Sanitärobjekte;;Mehrfachauswahl;"keine;Riss/Abplatzung;Kalk/Verfärbung;undicht;weiß nicht";;-;immer;Nein;Nein;;Schäden / Mangel;10;Ja;Gebäudeaufnahme;MICHI;0.1;2026-08-03;200;Laie;-;;Objekt
SO_Foto;Übersichtsfoto;Objekt;;;;Sanitärobjekte;;Foto-Upload;;;-;immer;Nein;Ja;;Dokumentation / Foto;10;Ja;Gebäudeaufnahme;MICHI;0.1;2026-08-03;200;Laie;Übersicht;;Objekt
WC_Typ;WC-Bauart?;Objekt;;;;Sanitärobjekte;WC;Einzelauswahl;"Tiefspüler;Flachspüler;Dusch-WC;Stand-WC;weiß nicht";;-;immer;Ja;Nein;;Sanitär;40;Ja;Gebäudeaufnahme;MICHI;0.1;2026-08-03;200;Laie;-;;Objekt
WC_Spuelung;Spülung?;Objekt;;;;Sanitärobjekte;WC;Einzelauswahl;"Aufputz-Spülkasten;Unterputz-Spülkasten;Druckspüler;weiß nicht";;-;immer;Nein;Nein;;Sanitär;50;Ja;Gebäudeaufnahme;MICHI;0.1;2026-08-03;300;Fachkundig;-;;Objekt
WC_Spuelmenge;Spülmengen-Wahl (2-Mengen/Spartaste)?;Objekt;;;;Sanitärobjekte;WC;Ja/Nein;"Ja;Nein;weiß nicht";;-;immer;Nein;Nein;;Sanitär;60;Ja;Gebäudeaufnahme;MICHI;0.1;2026-08-03;300;Fachkundig;-;;Objekt
UR_Steuerung;Spülsteuerung?;Objekt;;;;Sanitärobjekte;Urinal;Einzelauswahl;"manuell;Sensor/berührungslos;Druckspüler;wasserlos;weiß nicht";;-;immer;Ja;Nein;;Sanitär;40;Ja;Gebäudeaufnahme;MICHI;0.1;2026-08-03;300;Fachkundig;-;;Objekt
BW_Laenge;Länge (cm)?;Objekt;;;;Sanitärobjekte;Badewanne;Zahl;;;cm;immer;Nein;Nein;;Geometrie & Maße (Dimensionen);10;Ja;Gebäudeaufnahme;MICHI;0.1;2026-08-03;200;Laie;-;;Objekt
BW_Einbau;Einbausituation?;Objekt;;;;Sanitärobjekte;Badewanne;Einzelauswahl;"eingemauert/verkleidet;freistehend;mit Schürze;weiß nicht";;-;immer;Nein;Nein;;Sanitär;40;Ja;Gebäudeaufnahme;MICHI;0.1;2026-08-03;300;Fachkundig;-;;Objekt
DU_Art;Duschart?;Objekt;;;;Sanitärobjekte;Dusche;Einzelauswahl;"Duschwanne;bodengleich;Duschtasse flach;weiß nicht";;-;immer;Ja;Nein;;Sanitär;40;Ja;Gebäudeaufnahme;MICHI;0.1;2026-08-03;200;Laie;-;;Objekt
DU_Ablauf;Ablauf?;Objekt;;;;Sanitärobjekte;Dusche;Einzelauswahl;"Punktablauf;Linienablauf/Rinne;weiß nicht";;-;immer;Nein;Nein;;Sanitär;50;Ja;Gebäudeaufnahme;MICHI;0.1;2026-08-03;300;Fachkundig;-;;Objekt
BI_Montage;Bidet-Montage?;Objekt;;;;Sanitärobjekte;Bidet;Einzelauswahl;"wandhängend;stehend;weiß nicht";;-;immer;Nein;Nein;;Sanitär;40;Ja;Gebäudeaufnahme;MICHI;0.1;2026-08-03;300;Fachkundig;-;;Objekt
KS_Becken;Anzahl Becken?;Objekt;;;;Sanitärobjekte;Küchenspüle;Einzelauswahl;"1;1,5;2;weiß nicht";;-;immer;Nein;Nein;;Sanitär;40;Ja;Gebäudeaufnahme;MICHI;0.1;2026-08-03;300;Fachkundig;-;;Objekt
KS_Material;Spülenmaterial?;Objekt;;;;Sanitärobjekte;Küchenspüle;Einzelauswahl;"Edelstahl;Granit/Verbund;Keramik;weiß nicht";;-;immer;Nein;Nein;;Sanitär;50;Ja;Gebäudeaufnahme;MICHI;0.1;2026-08-03;300;Fachkundig;-;;Objekt
AB_Material;Material des Ausgussbeckens?;Objekt;;;;Sanitärobjekte;Ausgussbecken;Einzelauswahl;"Keramik;Kunststoff;Edelstahl;weiß nicht";;-;immer;Nein;Nein;;Sanitär;40;Ja;Gebäudeaufnahme;MICHI;0.1;2026-08-03;300;Fachkundig;-;;Objekt
WL_Nennweite;Nennweite/Durchmesser?;Objekt;;;;Wasserinstallation;Rohrleitung;Einzelauswahl;"DN10;DN15;DN20;DN25;DN32;>DN32;weiß nicht";;-;immer;Ja;Nein;;Geometrie & Maße (Dimensionen);10;Ja;Gebäudeaufnahme;MICHI;0.1;2026-08-03;300;Fachkundig;-;;Objekt
WL_Laenge;Länge im Raum (m)?;Objekt;;;;Wasserinstallation;Rohrleitung;Zahl;;;m;immer;Ja;Nein;;Geometrie & Maße (Dimensionen);20;Ja;Gebäudeaufnahme;MICHI;0.1;2026-08-03;300;Fachkundig;-;;Objekt
WL_Material;Werkstoff?;Objekt;;;;Wasserinstallation;Rohrleitung;Einzelauswahl;"Kupfer;Edelstahl;Mehrschichtverbund;Kunststoff (PE/PP);verzinkter Stahl;weiß nicht";;-;immer;Ja;Nein;;Sanitär;30;Ja;Gebäudeaufnahme;MICHI;0.1;2026-08-03;300;Fachkundig;-;;Objekt
WL_Verlegeart;Verlegeart?;Objekt;;;;Wasserinstallation;Rohrleitung;Einzelauswahl;"Aufputz;Unterputz;im Estrich;in Schacht;abgehängt;weiß nicht";;-;immer;Ja;Nein;;Sanitär;40;Ja;Gebäudeaufnahme;MICHI;0.1;2026-08-03;300;Fachkundig;-;;Objekt
WL_Gedaemmt;Gedämmt (Schwitzwasser/Wärme)?;Objekt;;;;Wasserinstallation;Rohrleitung;Einzelauswahl;"ja, durchgehend;teilweise;nein;weiß nicht";;-;immer;Ja;Nein;;Bauphysik – Hülle;50;Ja;Gebäudeaufnahme;MICHI;0.1;2026-08-03;200;Laie;-;;Objekt
WL_Raumwechsel;Verlässt die Leitung diesen Raum?;Objekt;;;;Wasserinstallation;Rohrleitung;Ja/Nein;"Ja;Nein;weiß nicht";;-;immer;Ja;Nein;;Struktur & Verknüpfung;10;Ja;Gebäudeaufnahme;MICHI;0.1;2026-08-03;200;Laie;-;;Objekt
WL_NeuerRaum;In welchen Raum führt die Leitung?;Objekt;;;;Wasserinstallation;Rohrleitung;Einzelauswahl;(Raumliste);;-;«WL_Raumwechsel» = Ja;Ja;Nein;;Struktur & Verknüpfung;20;Ja;Gebäudeaufnahme;MICHI;0.1;2026-08-03;200;Laie;-;;Objekt
WL_Wanddurchbruch;Wanddurchbruch dabei?;Objekt;;;;Wasserinstallation;Rohrleitung;Ja/Nein;"Ja;Nein;weiß nicht";;-;«WL_Raumwechsel» = Ja;Ja;Nein;Nur bei echtem Wand-/Deckendurchbruch.;Struktur & Verknüpfung;30;Ja;Gebäudeaufnahme;MICHI;0.1;2026-08-03;200;Laie;-;;Objekt
WL_Schaeden;Sichtbare Schäden? (Mehrfach);Objekt;;;;Wasserinstallation;Rohrleitung;Mehrfachauswahl;"keine;Korrosion/Rost;Leckage/Feuchte;Kalkablagerung;weiß nicht";;-;immer;Nein;Nein;;Schäden / Mangel;10;Ja;Gebäudeaufnahme;MICHI;0.1;2026-08-03;200;Laie;-;;Objekt
WL_Foto;Übersichtsfoto;Objekt;;;;Wasserinstallation;Rohrleitung;Foto-Upload;;;-;immer;Nein;Ja;;Dokumentation / Foto;10;Ja;Gebäudeaufnahme;MICHI;0.1;2026-08-03;200;Laie;Übersicht;;Objekt
WZ_Nummer;Zählernummer (falls lesbar)?;Objekt;;;;Wasserinstallation;Wasserzähler;Text;;;-;immer;Nein;Nein;;Allgemein / Identifikation;10;Ja;Gebäudeaufnahme;MICHI;0.1;2026-08-03;300;Fachkundig;-;;Objekt
WZ_Stand;Zählerstand (m³)?;Objekt;;;;Wasserinstallation;Wasserzähler;Zahl;;;m³;immer;Nein;Nein;;Nutzung & Betrieb;10;Ja;Gebäudeaufnahme;MICHI;0.1;2026-08-03;300;Laie;-;;Objekt
WZ_Absperrung;Absperrung vor/nach dem Zähler vorhanden?;Objekt;;;;Wasserinstallation;Wasserzähler;Ja/Nein;"Ja;Nein;weiß nicht";;-;immer;Nein;Nein;;Sanitär;20;Ja;Gebäudeaufnahme;MICHI;0.1;2026-08-03;300;Fachkundig;-;;Objekt
WZ_Foto;Foto Zähler + Stand;Objekt;;;;Wasserinstallation;Wasserzähler;Foto-Upload;;;-;immer;Nein;Ja;;Dokumentation / Foto;10;Ja;Gebäudeaufnahme;MICHI;0.1;2026-08-03;200;Laie;Typenschild;;Objekt
DEA_Bauart;Bauart?;Objekt;;;;Wasserinstallation;Druckerhöhungsanlage;Einzelauswahl;"einzelne Pumpe;Mehrpumpenanlage;mit Membrandruckbehälter;weiß nicht";;-;immer;Ja;Nein;;Sanitär;10;Ja;Gebäudeaufnahme;MICHI;0.1;2026-08-03;300;Fachkundig;-;;Objekt
DEA_Druck;Betriebsdruck (bar)?;Objekt;;;;Wasserinstallation;Druckerhöhungsanlage;Zahl;;;bar;immer;Nein;Nein;;Sanitär;20;Ja;Gebäudeaufnahme;MICHI;0.1;2026-08-03;400;Fachkundig;-;;Objekt
DEA_Foto;Übersichtsfoto;Objekt;;;;Wasserinstallation;Druckerhöhungsanlage;Foto-Upload;;;-;immer;Nein;Ja;;Dokumentation / Foto;10;Ja;Gebäudeaufnahme;MICHI;0.1;2026-08-03;200;Laie;Übersicht;;Objekt
EN_Typ;Art der Enthärtung?;Objekt;;;;Wasseraufbereitung;Enthärtungsanlage;Einzelauswahl;"Ionentauscher (Salz);physikalisch;weiß nicht";;-;immer;Ja;Nein;;Sanitär;10;Ja;Gebäudeaufnahme;MICHI;0.1;2026-08-03;300;Fachkundig;-;;Objekt
EN_Haerte;Eingestellte Resthärte (°dH)?;Objekt;;;;Wasseraufbereitung;Enthärtungsanlage;Zahl;;;°dH;immer;Nein;Nein;;Sanitär;20;Ja;Gebäudeaufnahme;MICHI;0.1;2026-08-03;400;Fachkundig;-;;Objekt
EN_Salz;Salzvorrat vorhanden/aufgefüllt?;Objekt;;;;Wasseraufbereitung;Enthärtungsanlage;Einzelauswahl;"ausreichend;niedrig;leer;weiß nicht";;-;immer;Nein;Nein;;Sanitär;30;Ja;Gebäudeaufnahme;MICHI;0.1;2026-08-03;300;Laie;-;;Objekt
EN_Foto;Übersichtsfoto;Objekt;;;;Wasseraufbereitung;Enthärtungsanlage;Foto-Upload;;;-;immer;Nein;Ja;;Dokumentation / Foto;10;Ja;Gebäudeaufnahme;MICHI;0.1;2026-08-03;200;Laie;Übersicht;;Objekt
DLE_Energie;Energieträger?;Objekt;;;;TWW-Erzeugung;Durchlauferhitzer;Einzelauswahl;"elektrisch;Gas;weiß nicht";;-;immer;Ja;Nein;;Sanitär;10;Ja;Gebäudeaufnahme;MICHI;0.1;2026-08-03;200;Laie;-;;Objekt
DLE_Leistung;Leistung (kW)?;Objekt;;;;TWW-Erzeugung;Durchlauferhitzer;Zahl;;;kW;immer;Nein;Nein;;Sanitär;20;Ja;Gebäudeaufnahme;MICHI;0.1;2026-08-03;300;Fachkundig;-;;Objekt
DLE_Regelung;Regelung?;Objekt;;;;TWW-Erzeugung;Durchlauferhitzer;Einzelauswahl;"hydraulisch;elektronisch geregelt;weiß nicht";;-;immer;Nein;Nein;;Sanitär;30;Ja;Gebäudeaufnahme;MICHI;0.1;2026-08-03;300;Fachkundig;-;;Objekt
DLE_Foto;Foto;Objekt;;;;TWW-Erzeugung;Durchlauferhitzer;Foto-Upload;;;-;immer;Nein;Ja;;Dokumentation / Foto;10;Ja;Gebäudeaufnahme;MICHI;0.1;2026-08-03;200;Laie;Übersicht;;Objekt
WB_Volumen;Volumen (Liter)?;Objekt;;;;TWW-Erzeugung;Warmwasserboiler (elektrisch);Zahl;;;l;immer;Ja;Nein;;Geometrie & Maße (Dimensionen);10;Ja;Gebäudeaufnahme;MICHI;0.1;2026-08-03;200;Laie;-;;Objekt
WB_Montage;Montage?;Objekt;;;;TWW-Erzeugung;Warmwasserboiler (elektrisch);Einzelauswahl;"Untertisch;Übertisch;Standspeicher;weiß nicht";;-;immer;Nein;Nein;;Sanitär;20;Ja;Gebäudeaufnahme;MICHI;0.1;2026-08-03;300;Fachkundig;-;;Objekt
WB_Foto;Foto;Objekt;;;;TWW-Erzeugung;Warmwasserboiler (elektrisch);Foto-Upload;;;-;immer;Nein;Ja;;Dokumentation / Foto;10;Ja;Gebäudeaufnahme;MICHI;0.1;2026-08-03;200;Laie;Übersicht;;Objekt
FWS_Leistung;Zapfleistung (l/min)?;Objekt;;;;TWW-Erzeugung;Frischwasserstation;Zahl;;;l/min;immer;Nein;Nein;;Sanitär;10;Ja;Gebäudeaufnahme;MICHI;0.1;2026-08-03;400;Fachkundig;-;;Objekt
FWS_Foto;Foto;Objekt;;;;TWW-Erzeugung;Frischwasserstation;Foto-Upload;;;-;immer;Nein;Ja;;Dokumentation / Foto;10;Ja;Gebäudeaufnahme;MICHI;0.1;2026-08-03;200;Laie;Übersicht;;Objekt
WWL_Nennweite;Nennweite/Durchmesser?;Objekt;;;;TWW-Installation;Warmwasserleitung;Einzelauswahl;"DN10;DN15;DN20;DN25;DN32;>DN32;weiß nicht";;-;immer;Ja;Nein;;Geometrie & Maße (Dimensionen);10;Ja;Gebäudeaufnahme;MICHI;0.1;2026-08-03;300;Fachkundig;-;;Objekt
WWL_Laenge;Länge im Raum (m)?;Objekt;;;;TWW-Installation;Warmwasserleitung;Zahl;;;m;immer;Ja;Nein;;Geometrie & Maße (Dimensionen);20;Ja;Gebäudeaufnahme;MICHI;0.1;2026-08-03;300;Fachkundig;-;;Objekt
WWL_Material;Werkstoff?;Objekt;;;;TWW-Installation;Warmwasserleitung;Einzelauswahl;"Kupfer;Edelstahl;Mehrschichtverbund;Kunststoff (PP);weiß nicht";;-;immer;Ja;Nein;;Sanitär;30;Ja;Gebäudeaufnahme;MICHI;0.1;2026-08-03;300;Fachkundig;-;;Objekt
WWL_Verlegeart;Verlegeart?;Objekt;;;;TWW-Installation;Warmwasserleitung;Einzelauswahl;"Aufputz;Unterputz;im Estrich;in Schacht;abgehängt;erdverlegt;weiß nicht";;-;immer;Ja;Nein;;Sanitär;40;Ja;Gebäudeaufnahme;MICHI;0.1;2026-08-03;300;Fachkundig;-;;Objekt
WWL_Gedaemmt;Gedämmt?;Objekt;;;;TWW-Installation;Warmwasserleitung;Einzelauswahl;"ja, durchgehend;teilweise;nein;weiß nicht";;-;immer;Ja;Nein;Warmwasser immer dämmen (Energieverlust).;Bauphysik – Hülle;50;Ja;Gebäudeaufnahme;MICHI;0.1;2026-08-03;200;Laie;-;;Objekt
WWL_Raumwechsel;Verlässt die Leitung diesen Raum?;Objekt;;;;TWW-Installation;Warmwasserleitung;Ja/Nein;"Ja;Nein;weiß nicht";;-;immer;Ja;Nein;;Struktur & Verknüpfung;10;Ja;Gebäudeaufnahme;MICHI;0.1;2026-08-03;200;Laie;-;;Objekt
WWL_NeuerRaum;In welchen Raum führt die Leitung?;Objekt;;;;TWW-Installation;Warmwasserleitung;Einzelauswahl;(Raumliste);;-;«WWL_Raumwechsel» = Ja;Ja;Nein;;Struktur & Verknüpfung;20;Ja;Gebäudeaufnahme;MICHI;0.1;2026-08-03;200;Laie;-;;Objekt
WWL_Wanddurchbruch;Wanddurchbruch dabei?;Objekt;;;;TWW-Installation;Warmwasserleitung;Ja/Nein;"Ja;Nein;weiß nicht";;-;«WWL_Raumwechsel» = Ja;Ja;Nein;;Struktur & Verknüpfung;30;Ja;Gebäudeaufnahme;MICHI;0.1;2026-08-03;200;Laie;-;;Objekt
WWL_Schaeden;Sichtbare Schäden? (Mehrfach);Objekt;;;;TWW-Installation;Warmwasserleitung;Mehrfachauswahl;"keine;Korrosion/Rost;Leckage/Feuchte;Dämmung beschädigt;weiß nicht";;-;immer;Nein;Nein;;Schäden / Mangel;10;Ja;Gebäudeaufnahme;MICHI;0.1;2026-08-03;200;Laie;-;;Objekt
WWL_Foto;Übersichtsfoto;Objekt;;;;TWW-Installation;Warmwasserleitung;Foto-Upload;;;-;immer;Nein;Ja;;Dokumentation / Foto;10;Ja;Gebäudeaufnahme;MICHI;0.1;2026-08-03;200;Laie;Übersicht;;Objekt
WWL_Zirk;Zirkulationsleitung vorhanden?;Objekt;;;;TWW-Installation;Warmwasserleitung;Ja/Nein;"Ja;Nein;weiß nicht";;-;immer;Nein;Nein;"Bei „Ja"" die Zirkulationsleitung als parallelen Strang anlegen.";Struktur & Verknüpfung;5;Ja;Gebäudeaufnahme;MICHI;0.1;2026-08-03;300;Fachkundig;-;;Objekt
ZL_Nennweite;Nennweite/Durchmesser?;Objekt;;;;TWW-Installation;Zirkulationsleitung;Einzelauswahl;"DN10;DN15;DN20;DN25;DN32;>DN32;weiß nicht";;-;immer;Ja;Nein;;Geometrie & Maße (Dimensionen);10;Ja;Gebäudeaufnahme;MICHI;0.1;2026-08-03;300;Fachkundig;-;;Objekt
ZL_Laenge;Länge im Raum (m)?;Objekt;;;;TWW-Installation;Zirkulationsleitung;Zahl;;;m;immer;Ja;Nein;;Geometrie & Maße (Dimensionen);20;Ja;Gebäudeaufnahme;MICHI;0.1;2026-08-03;300;Fachkundig;-;;Objekt
ZL_Material;Werkstoff?;Objekt;;;;TWW-Installation;Zirkulationsleitung;Einzelauswahl;"Kupfer;Edelstahl;Mehrschichtverbund;Kunststoff (PP);weiß nicht";;-;immer;Ja;Nein;;Sanitär;30;Ja;Gebäudeaufnahme;MICHI;0.1;2026-08-03;300;Fachkundig;-;;Objekt
ZL_Verlegeart;Verlegeart?;Objekt;;;;TWW-Installation;Zirkulationsleitung;Einzelauswahl;"Aufputz;Unterputz;im Estrich;in Schacht;abgehängt;erdverlegt;weiß nicht";;-;immer;Ja;Nein;;Sanitär;40;Ja;Gebäudeaufnahme;MICHI;0.1;2026-08-03;300;Fachkundig;-;;Objekt
ZL_Gedaemmt;Gedämmt?;Objekt;;;;TWW-Installation;Zirkulationsleitung;Einzelauswahl;"ja, durchgehend;teilweise;nein;weiß nicht";;-;immer;Ja;Nein;Hält das Warmwasser im Umlauf warm.;Bauphysik – Hülle;50;Ja;Gebäudeaufnahme;MICHI;0.1;2026-08-03;200;Laie;-;;Objekt
ZL_Raumwechsel;Verlässt die Leitung diesen Raum?;Objekt;;;;TWW-Installation;Zirkulationsleitung;Ja/Nein;"Ja;Nein;weiß nicht";;-;immer;Ja;Nein;;Struktur & Verknüpfung;10;Ja;Gebäudeaufnahme;MICHI;0.1;2026-08-03;200;Laie;-;;Objekt
ZL_NeuerRaum;In welchen Raum führt die Leitung?;Objekt;;;;TWW-Installation;Zirkulationsleitung;Einzelauswahl;(Raumliste);;-;«ZL_Raumwechsel» = Ja;Ja;Nein;;Struktur & Verknüpfung;20;Ja;Gebäudeaufnahme;MICHI;0.1;2026-08-03;200;Laie;-;;Objekt
ZL_Wanddurchbruch;Wanddurchbruch dabei?;Objekt;;;;TWW-Installation;Zirkulationsleitung;Ja/Nein;"Ja;Nein;weiß nicht";;-;«ZL_Raumwechsel» = Ja;Ja;Nein;;Struktur & Verknüpfung;30;Ja;Gebäudeaufnahme;MICHI;0.1;2026-08-03;200;Laie;-;;Objekt
ZL_Schaeden;Sichtbare Schäden? (Mehrfach);Objekt;;;;TWW-Installation;Zirkulationsleitung;Mehrfachauswahl;"keine;Korrosion/Rost;Leckage/Feuchte;Dämmung beschädigt;weiß nicht";;-;immer;Nein;Nein;;Schäden / Mangel;10;Ja;Gebäudeaufnahme;MICHI;0.1;2026-08-03;200;Laie;-;;Objekt
ZL_Foto;Übersichtsfoto;Objekt;;;;TWW-Installation;Zirkulationsleitung;Foto-Upload;;;-;immer;Nein;Ja;;Dokumentation / Foto;10;Ja;Gebäudeaufnahme;MICHI;0.1;2026-08-03;200;Laie;Übersicht;;Objekt
WWZ_Stand;Zählerstand (m³)?;Objekt;;;;TWW-Installation;Warmwasserzähler;Zahl;;;m³;immer;Nein;Nein;;Nutzung & Betrieb;10;Ja;Gebäudeaufnahme;MICHI;0.1;2026-08-03;300;Laie;-;;Objekt
WWZ_Foto;Foto Zähler + Stand;Objekt;;;;TWW-Installation;Warmwasserzähler;Foto-Upload;;;-;immer;Nein;Ja;;Dokumentation / Foto;10;Ja;Gebäudeaufnahme;MICHI;0.1;2026-08-03;200;Laie;Typenschild;;Objekt
FK_Apertur;Aperturfläche des Feldes (m²)?;Objekt;;;;Solarkollektoren;Flachkollektor;Zahl;;;m²;immer;Nein;Nein;;Solar;10;Ja;Gebäudeaufnahme;MICHI;0.1;2026-08-03;300;Fachkundig;-;;Objekt
FK_Anzahl;Anzahl Kollektoren?;Objekt;;;;Solarkollektoren;Flachkollektor;Zahl;;;-;immer;Nein;Nein;;Solar;20;Ja;Gebäudeaufnahme;MICHI;0.1;2026-08-03;300;Fachkundig;-;;Objekt
FK_Ausrichtung;Ausrichtung (Himmelsrichtung)?;Objekt;;;;Solarkollektoren;Flachkollektor;Einzelauswahl;"Süd;Südost;Südwest;Ost;West;Nord;weiß nicht";;-;immer;Ja;Nein;;Geometrie & Maße (Dimensionen);30;Ja;Gebäudeaufnahme;MICHI;0.1;2026-08-03;200;Laie;-;;Objekt
FK_Azimut;Azimut in ° (0=Süd)?;Objekt;;;;Solarkollektoren;Flachkollektor;Zahl;;;°;immer;Nein;Nein;;Geometrie & Maße (Dimensionen);40;Ja;Gebäudeaufnahme;MICHI;0.1;2026-08-03;400;Fachkundig;-;;Objekt
FK_Neigung;Neigung (°)?;Objekt;;;;Solarkollektoren;Flachkollektor;Zahl;;;°;immer;Nein;Nein;;Geometrie & Maße (Dimensionen);50;Ja;Gebäudeaufnahme;MICHI;0.1;2026-08-03;300;Fachkundig;-;;Objekt
FK_Schaeden;Sichtbare Schäden? (Mehrfach);Objekt;;;;Solarkollektoren;Flachkollektor;Mehrfachauswahl;"keine;Glasbruch;Kondensat unter Glas;Verschmutzung;weiß nicht";;-;immer;Nein;Nein;;Schäden / Mangel;10;Ja;Gebäudeaufnahme;MICHI;0.1;2026-08-03;200;Laie;-;;Objekt
FK_Foto;Übersichtsfoto;Objekt;;;;Solarkollektoren;Flachkollektor;Foto-Upload;;;-;immer;Nein;Ja;;Dokumentation / Foto;10;Ja;Gebäudeaufnahme;MICHI;0.1;2026-08-03;200;Laie;Übersicht;;Objekt
SL_Nennweite;Nennweite/Durchmesser?;Objekt;;;;Solar-Installation;Solarleitung;Einzelauswahl;"DN10;DN15;DN20;DN25;DN32;>DN32;weiß nicht";;-;immer;Ja;Nein;;Geometrie & Maße (Dimensionen);10;Ja;Gebäudeaufnahme;MICHI;0.1;2026-08-03;300;Fachkundig;-;;Objekt
SL_Laenge;Länge im Raum (m)?;Objekt;;;;Solar-Installation;Solarleitung;Zahl;;;m;immer;Ja;Nein;;Geometrie & Maße (Dimensionen);20;Ja;Gebäudeaufnahme;MICHI;0.1;2026-08-03;300;Fachkundig;-;;Objekt
SL_Material;Werkstoff?;Objekt;;;;Solar-Installation;Solarleitung;Einzelauswahl;"Kupfer;Edelstahl-Wellrohr;weiß nicht";;-;immer;Ja;Nein;;Solar;30;Ja;Gebäudeaufnahme;MICHI;0.1;2026-08-03;300;Fachkundig;-;;Objekt
SL_Verlegeart;Verlegeart?;Objekt;;;;Solar-Installation;Solarleitung;Einzelauswahl;"Aufputz;Unterputz;im Estrich;in Schacht;abgehängt;erdverlegt;weiß nicht";;-;immer;Ja;Nein;;Solar;40;Ja;Gebäudeaufnahme;MICHI;0.1;2026-08-03;300;Fachkundig;-;;Objekt
SL_Gedaemmt;Gedämmt?;Objekt;;;;Solar-Installation;Solarleitung;Einzelauswahl;"ja, durchgehend;teilweise;nein;weiß nicht";;-;immer;Ja;Nein;"Temperatur-/UV-fest dämmen; führt Glykol.";Bauphysik – Hülle;50;Ja;Gebäudeaufnahme;MICHI;0.1;2026-08-03;200;Laie;-;;Objekt
SL_Raumwechsel;Verlässt die Leitung diesen Raum?;Objekt;;;;Solar-Installation;Solarleitung;Ja/Nein;"Ja;Nein;weiß nicht";;-;immer;Ja;Nein;;Struktur & Verknüpfung;10;Ja;Gebäudeaufnahme;MICHI;0.1;2026-08-03;200;Laie;-;;Objekt
SL_NeuerRaum;In welchen Raum führt die Leitung?;Objekt;;;;Solar-Installation;Solarleitung;Einzelauswahl;(Raumliste);;-;«SL_Raumwechsel» = Ja;Ja;Nein;;Struktur & Verknüpfung;20;Ja;Gebäudeaufnahme;MICHI;0.1;2026-08-03;200;Laie;-;;Objekt
SL_Wanddurchbruch;Wanddurchbruch dabei?;Objekt;;;;Solar-Installation;Solarleitung;Ja/Nein;"Ja;Nein;weiß nicht";;-;«SL_Raumwechsel» = Ja;Ja;Nein;;Struktur & Verknüpfung;30;Ja;Gebäudeaufnahme;MICHI;0.1;2026-08-03;200;Laie;-;;Objekt
SL_Schaeden;Sichtbare Schäden? (Mehrfach);Objekt;;;;Solar-Installation;Solarleitung;Mehrfachauswahl;"keine;Korrosion/Rost;Leckage/Feuchte;Dämmung beschädigt;weiß nicht";;-;immer;Nein;Nein;;Schäden / Mangel;10;Ja;Gebäudeaufnahme;MICHI;0.1;2026-08-03;200;Laie;-;;Objekt
SL_Foto;Übersichtsfoto;Objekt;;;;Solar-Installation;Solarleitung;Foto-Upload;;;-;immer;Nein;Ja;;Dokumentation / Foto;10;Ja;Gebäudeaufnahme;MICHI;0.1;2026-08-03;200;Laie;Übersicht;;Objekt
KWS_Leistung;Kälteleistung (kW)?;Objekt;;;;Kälteerzeugung;Kaltwassersatz/Kältemaschine;Zahl;;;kW;immer;Nein;Nein;;Kälte;10;Ja;Gebäudeaufnahme;MICHI;0.1;2026-08-03;300;Fachkundig;-;;Objekt
KWS_Kaeltemittel;Kältemittel-Typ (falls ablesbar)?;Objekt;;;;Kälteerzeugung;Kaltwassersatz/Kältemaschine;Text;;;-;immer;Nein;Nein;z. B. R32, R290, R410A.;Kälte;20;Ja;Gebäudeaufnahme;MICHI;0.1;2026-08-03;300;Fachkundig;-;;Objekt
KWS_Glykol_Art;Frostschutz/Glykol im Kaltwasser-/Solekreis?;Objekt;;;;Kälteerzeugung;Kaltwassersatz/Kältemaschine;Einzelauswahl;"keiner;Propylenglykol;Ethylenglykol;weiß nicht";;-;immer;Ja;Nein;Wird hier einmal für den Kreis erfasst.;Kälte;30;Ja;Gebäudeaufnahme;MICHI;0.1;2026-08-03;300;Fachkundig;-;;Objekt
KWS_Glykol_Frost;Frostschutz bis (°C)?;Objekt;;;;Kälteerzeugung;Kaltwassersatz/Kältemaschine;Zahl;;;°C;«KWS_Glykol_Art» ungleich 'keiner';Nein;Nein;;Kälte;40;Ja;Gebäudeaufnahme;MICHI;0.1;2026-08-03;400;Fachkundig;-;;Objekt
KWS_Schaeden;Auffälligkeiten? (Mehrfach);Objekt;;;;Kälteerzeugung;Kaltwassersatz/Kältemaschine;Mehrfachauswahl;"keine;Undichtigkeit/Feuchte;Korrosion;Fehlermeldung;weiß nicht";;-;immer;Nein;Nein;;Schäden / Mangel;10;Ja;Gebäudeaufnahme;MICHI;0.1;2026-08-03;200;Laie;-;;Objekt
KWS_Foto;Übersichtsfoto;Objekt;;;;Kälteerzeugung;Kaltwassersatz/Kältemaschine;Foto-Upload;;;-;immer;Nein;Ja;;Dokumentation / Foto;10;Ja;Gebäudeaufnahme;MICHI;0.1;2026-08-03;200;Laie;Übersicht;;Objekt
SPL_Kaeltemittel;Kältemittel-Typ?;Objekt;;;;Kälteerzeugung;Split-Klimagerät (Außengerät);Text;;;-;immer;Nein;Nein;Vom Typenschild.;Kälte;10;Ja;Gebäudeaufnahme;MICHI;0.1;2026-08-03;300;Fachkundig;-;;Objekt
SPL_Innengeraete;Anzahl Innengeräte?;Objekt;;;;Kälteerzeugung;Split-Klimagerät (Außengerät);Zahl;;;-;immer;Nein;Nein;;Kälte;20;Ja;Gebäudeaufnahme;MICHI;0.1;2026-08-03;300;Fachkundig;-;;Objekt
SPL_Foto;Foto;Objekt;;;;Kälteerzeugung;Split-Klimagerät (Außengerät);Foto-Upload;;;-;immer;Nein;Ja;;Dokumentation / Foto;10;Ja;Gebäudeaufnahme;MICHI;0.1;2026-08-03;200;Laie;Übersicht;;Objekt
VRF_Kaeltemittel;Kältemittel-Typ?;Objekt;;;;Kälteerzeugung;VRF-Außengerät;Text;;;-;immer;Nein;Nein;;Kälte;10;Ja;Gebäudeaufnahme;MICHI;0.1;2026-08-03;300;Fachkundig;-;;Objekt
VRF_Innengeraete;Anzahl Innengeräte?;Objekt;;;;Kälteerzeugung;VRF-Außengerät;Zahl;;;-;immer;Nein;Nein;;Kälte;20;Ja;Gebäudeaufnahme;MICHI;0.1;2026-08-03;300;Fachkundig;-;;Objekt
VRF_Foto;Foto;Objekt;;;;Kälteerzeugung;VRF-Außengerät;Foto-Upload;;;-;immer;Nein;Ja;;Dokumentation / Foto;10;Ja;Gebäudeaufnahme;MICHI;0.1;2026-08-03;200;Laie;Übersicht;;Objekt
RK_Bauart;Bauart?;Objekt;;;;Kälteerzeugung;Rückkühler/Rückkühlwerk;Einzelauswahl;"Trockenkühler;Nasskühlturm;Hybridkühler;weiß nicht";;-;immer;Ja;Nein;;Kälte;10;Ja;Gebäudeaufnahme;MICHI;0.1;2026-08-03;300;Fachkundig;-;;Objekt
RK_Foto;Foto;Objekt;;;;Kälteerzeugung;Rückkühler/Rückkühlwerk;Foto-Upload;;;-;immer;Nein;Ja;;Dokumentation / Foto;10;Ja;Gebäudeaufnahme;MICHI;0.1;2026-08-03;200;Laie;Übersicht;;Objekt
KL_Nennweite;Nennweite/Durchmesser?;Objekt;;;;Kälteinstallation;Kälteleitung (Kaltwasser/Sole);Einzelauswahl;"DN10;DN15;DN20;DN25;DN32;>DN32;weiß nicht";;-;immer;Ja;Nein;;Geometrie & Maße (Dimensionen);10;Ja;Gebäudeaufnahme;MICHI;0.1;2026-08-03;300;Fachkundig;-;;Objekt
KL_Laenge;Länge im Raum (m)?;Objekt;;;;Kälteinstallation;Kälteleitung (Kaltwasser/Sole);Zahl;;;m;immer;Ja;Nein;;Geometrie & Maße (Dimensionen);20;Ja;Gebäudeaufnahme;MICHI;0.1;2026-08-03;300;Fachkundig;-;;Objekt
KL_Material;Werkstoff?;Objekt;;;;Kälteinstallation;Kälteleitung (Kaltwasser/Sole);Einzelauswahl;"Stahl;Kupfer;Kunststoff;weiß nicht";;-;immer;Ja;Nein;;Kälte;30;Ja;Gebäudeaufnahme;MICHI;0.1;2026-08-03;300;Fachkundig;-;;Objekt
KL_Verlegeart;Verlegeart?;Objekt;;;;Kälteinstallation;Kälteleitung (Kaltwasser/Sole);Einzelauswahl;"Aufputz;Unterputz;im Estrich;in Schacht;abgehängt;erdverlegt;weiß nicht";;-;immer;Ja;Nein;;Kälte;40;Ja;Gebäudeaufnahme;MICHI;0.1;2026-08-03;300;Fachkundig;-;;Objekt
KL_Gedaemmt;Gedämmt?;Objekt;;;;Kälteinstallation;Kälteleitung (Kaltwasser/Sole);Einzelauswahl;"ja, durchgehend;teilweise;nein;weiß nicht";;-;immer;Ja;Nein;"Dämmung gegen Schwitzwasser wichtig; führt Glykol/Sole.";Bauphysik – Hülle;50;Ja;Gebäudeaufnahme;MICHI;0.1;2026-08-03;200;Laie;-;;Objekt
KL_Raumwechsel;Verlässt die Leitung diesen Raum?;Objekt;;;;Kälteinstallation;Kälteleitung (Kaltwasser/Sole);Ja/Nein;"Ja;Nein;weiß nicht";;-;immer;Ja;Nein;;Struktur & Verknüpfung;10;Ja;Gebäudeaufnahme;MICHI;0.1;2026-08-03;200;Laie;-;;Objekt
KL_NeuerRaum;In welchen Raum führt die Leitung?;Objekt;;;;Kälteinstallation;Kälteleitung (Kaltwasser/Sole);Einzelauswahl;(Raumliste);;-;«KL_Raumwechsel» = Ja;Ja;Nein;;Struktur & Verknüpfung;20;Ja;Gebäudeaufnahme;MICHI;0.1;2026-08-03;200;Laie;-;;Objekt
KL_Wanddurchbruch;Wanddurchbruch dabei?;Objekt;;;;Kälteinstallation;Kälteleitung (Kaltwasser/Sole);Ja/Nein;"Ja;Nein;weiß nicht";;-;«KL_Raumwechsel» = Ja;Ja;Nein;;Struktur & Verknüpfung;30;Ja;Gebäudeaufnahme;MICHI;0.1;2026-08-03;200;Laie;-;;Objekt
KL_Schaeden;Sichtbare Schäden? (Mehrfach);Objekt;;;;Kälteinstallation;Kälteleitung (Kaltwasser/Sole);Mehrfachauswahl;"keine;Korrosion/Rost;Leckage/Feuchte;Dämmung beschädigt;weiß nicht";;-;immer;Nein;Nein;;Schäden / Mangel;10;Ja;Gebäudeaufnahme;MICHI;0.1;2026-08-03;200;Laie;-;;Objekt
KL_Foto;Übersichtsfoto;Objekt;;;;Kälteinstallation;Kälteleitung (Kaltwasser/Sole);Foto-Upload;;;-;immer;Nein;Ja;;Dokumentation / Foto;10;Ja;Gebäudeaufnahme;MICHI;0.1;2026-08-03;200;Laie;Übersicht;;Objekt
KML_Nennweite;Nennweite/Durchmesser?;Objekt;;;;Kälteinstallation;Kältemittelleitung;Einzelauswahl;"DN10;DN15;DN20;DN25;DN32;>DN32;weiß nicht";;-;immer;Ja;Nein;;Geometrie & Maße (Dimensionen);10;Ja;Gebäudeaufnahme;MICHI;0.1;2026-08-03;300;Fachkundig;-;;Objekt
KML_Laenge;Länge im Raum (m)?;Objekt;;;;Kälteinstallation;Kältemittelleitung;Zahl;;;m;immer;Ja;Nein;;Geometrie & Maße (Dimensionen);20;Ja;Gebäudeaufnahme;MICHI;0.1;2026-08-03;300;Fachkundig;-;;Objekt
KML_Material;Werkstoff?;Objekt;;;;Kälteinstallation;Kältemittelleitung;Einzelauswahl;"Kupfer;weiß nicht";;-;immer;Ja;Nein;;Kälte;30;Ja;Gebäudeaufnahme;MICHI;0.1;2026-08-03;300;Fachkundig;-;;Objekt
KML_Verlegeart;Verlegeart?;Objekt;;;;Kälteinstallation;Kältemittelleitung;Einzelauswahl;"Aufputz;Unterputz;im Estrich;in Schacht;abgehängt;erdverlegt;weiß nicht";;-;immer;Ja;Nein;;Kälte;40;Ja;Gebäudeaufnahme;MICHI;0.1;2026-08-03;300;Fachkundig;-;;Objekt
KML_Gedaemmt;Gedämmt?;Objekt;;;;Kälteinstallation;Kältemittelleitung;Einzelauswahl;"ja, durchgehend;teilweise;nein;weiß nicht";;-;immer;Ja;Nein;"Kältemittel-führend; diffusionsdicht isoliert.";Bauphysik – Hülle;50;Ja;Gebäudeaufnahme;MICHI;0.1;2026-08-03;200;Laie;-;;Objekt
KML_Raumwechsel;Verlässt die Leitung diesen Raum?;Objekt;;;;Kälteinstallation;Kältemittelleitung;Ja/Nein;"Ja;Nein;weiß nicht";;-;immer;Ja;Nein;;Struktur & Verknüpfung;10;Ja;Gebäudeaufnahme;MICHI;0.1;2026-08-03;200;Laie;-;;Objekt
KML_NeuerRaum;In welchen Raum führt die Leitung?;Objekt;;;;Kälteinstallation;Kältemittelleitung;Einzelauswahl;(Raumliste);;-;«KML_Raumwechsel» = Ja;Ja;Nein;;Struktur & Verknüpfung;20;Ja;Gebäudeaufnahme;MICHI;0.1;2026-08-03;200;Laie;-;;Objekt
KML_Wanddurchbruch;Wanddurchbruch dabei?;Objekt;;;;Kälteinstallation;Kältemittelleitung;Ja/Nein;"Ja;Nein;weiß nicht";;-;«KML_Raumwechsel» = Ja;Ja;Nein;;Struktur & Verknüpfung;30;Ja;Gebäudeaufnahme;MICHI;0.1;2026-08-03;200;Laie;-;;Objekt
KML_Schaeden;Sichtbare Schäden? (Mehrfach);Objekt;;;;Kälteinstallation;Kältemittelleitung;Mehrfachauswahl;"keine;Korrosion/Rost;Leckage/Feuchte;Dämmung beschädigt;weiß nicht";;-;immer;Nein;Nein;;Schäden / Mangel;10;Ja;Gebäudeaufnahme;MICHI;0.1;2026-08-03;200;Laie;-;;Objekt
KML_Foto;Übersichtsfoto;Objekt;;;;Kälteinstallation;Kältemittelleitung;Foto-Upload;;;-;immer;Nein;Ja;;Dokumentation / Foto;10;Ja;Gebäudeaufnahme;MICHI;0.1;2026-08-03;200;Laie;Übersicht;;Objekt
KOL_Gefaelle;Gefälle vorhanden (Fließrichtung)?;Objekt;;;;Kälteinstallation;Kondensatleitung;Ja/Nein;"Ja;Nein;weiß nicht";;-;immer;Nein;Nein;Kondensat muss mit Gefälle ablaufen.;Geometrie & Maße (Dimensionen);10;Ja;Gebäudeaufnahme;MICHI;0.1;2026-08-03;300;Fachkundig;-;;Objekt
KOL_Ziel;Wohin entwässert das Kondensat?;Objekt;;;;Kälteinstallation;Kondensatleitung;Einzelauswahl;"Abwasser (Siphon);Hebeanlage;Sammelbehälter;weiß nicht";;-;immer;Nein;Nein;;Struktur & Verknüpfung;10;Ja;Gebäudeaufnahme;MICHI;0.1;2026-08-03;300;Fachkundig;-;;Objekt
KOL_Foto;Foto;Objekt;;;;Kälteinstallation;Kondensatleitung;Foto-Upload;;;-;immer;Nein;Ja;;Dokumentation / Foto;10;Ja;Gebäudeaufnahme;MICHI;0.1;2026-08-03;200;Laie;Übersicht;;Objekt
FC_Bauart;Bauart?;Objekt;;;;Kälteübergabe;Gebläsekonvektor/Fan-Coil;Einzelauswahl;"Truhengerät;Deckenkassette;Kanalgerät;Wandgerät;weiß nicht";;-;immer;Ja;Nein;;Kälte;10;Ja;Gebäudeaufnahme;MICHI;0.1;2026-08-03;300;Fachkundig;-;;Objekt
FC_Kondensat;Kondensatablauf vorhanden?;Objekt;;;;Kälteübergabe;Gebläsekonvektor/Fan-Coil;Ja/Nein;"Ja;Nein;weiß nicht";;-;immer;Nein;Nein;;Kälte;20;Ja;Gebäudeaufnahme;MICHI;0.1;2026-08-03;300;Fachkundig;-;;Objekt
FC_Foto;Foto;Objekt;;;;Kälteübergabe;Gebläsekonvektor/Fan-Coil;Foto-Upload;;;-;immer;Nein;Ja;;Dokumentation / Foto;10;Ja;Gebäudeaufnahme;MICHI;0.1;2026-08-03;200;Laie;Übersicht;;Objekt
KD_Flaeche;Kühlfläche (m²)?;Objekt;;;;Kälteübergabe;Kühldecke/Kühlsegel;Zahl;;;m²;immer;Nein;Nein;;Kälte;10;Ja;Gebäudeaufnahme;MICHI;0.1;2026-08-03;300;Fachkundig;-;;Objekt
KD_Taupunkt;Taupunktüberwachung vorhanden?;Objekt;;;;Kälteübergabe;Kühldecke/Kühlsegel;Ja/Nein;"Ja;Nein;weiß nicht";;-;immer;Nein;Nein;;Kälte;20;Ja;Gebäudeaufnahme;MICHI;0.1;2026-08-03;400;Fachkundig;-;;Objekt
KD_Foto;Foto;Objekt;;;;Kälteübergabe;Kühldecke/Kühlsegel;Foto-Upload;;;-;immer;Nein;Ja;;Dokumentation / Foto;10;Ja;Gebäudeaufnahme;MICHI;0.1;2026-08-03;200;Laie;Übersicht;;Objekt
UK_Bauart;Bauart?;Objekt;;;;Kälteübergabe;Umluftkühlgerät;Einzelauswahl;"Standgerät;Deckengerät;weiß nicht";;-;immer;Nein;Nein;;Kälte;10;Ja;Gebäudeaufnahme;MICHI;0.1;2026-08-03;300;Fachkundig;-;;Objekt
UK_Foto;Foto;Objekt;;;;Kälteübergabe;Umluftkühlgerät;Foto-Upload;;;-;immer;Nein;Ja;;Dokumentation / Foto;10;Ja;Gebäudeaufnahme;MICHI;0.1;2026-08-03;200;Laie;Übersicht;;Objekt
SIG_Bauart;Bauart?;Objekt;;;;Kälteübergabe;Split-Innengerät;Einzelauswahl;"Wandgerät;Deckenkassette;Truhe;Kanalgerät;weiß nicht";;-;immer;Ja;Nein;;Kälte;10;Ja;Gebäudeaufnahme;MICHI;0.1;2026-08-03;300;Fachkundig;-;;Objekt
SIG_Kondensat;Kondensatablauf?;Objekt;;;;Kälteübergabe;Split-Innengerät;Einzelauswahl;"Schwerkraft;Kondensatpumpe;weiß nicht";;-;immer;Nein;Nein;;Kälte;20;Ja;Gebäudeaufnahme;MICHI;0.1;2026-08-03;300;Fachkundig;-;;Objekt
SIG_Foto;Foto;Objekt;;;;Kälteübergabe;Split-Innengerät;Foto-Upload;;;-;immer;Nein;Ja;;Dokumentation / Foto;10;Ja;Gebäudeaufnahme;MICHI;0.1;2026-08-03;200;Laie;Übersicht;;Objekt
AL_Nennweite;Nennweite?;Objekt;;;;Abwasserinstallation;Anschlussleitung;Einzelauswahl;"DN40;DN50;DN70;DN100;DN125;DN150;weiß nicht";;-;immer;Ja;Nein;;Geometrie & Maße (Dimensionen);10;Ja;Gebäudeaufnahme;MICHI;0.1;2026-08-03;300;Fachkundig;-;;Objekt
AL_Material;Rohrmaterial?;Objekt;;;;Abwasserinstallation;Anschlussleitung;Einzelauswahl;"PVC/HT (Kunststoff);SML-Guss;Steinzeug;PE;weiß nicht";;-;immer;Ja;Nein;;Sanitär;20;Ja;Gebäudeaufnahme;MICHI;0.1;2026-08-03;300;Fachkundig;-;;Objekt
AL_Gefaelle;Gefälle (%)?;Objekt;;;;Abwasserinstallation;Anschlussleitung;Zahl;;;%;immer;Nein;Nein;Neigung in Fließrichtung.;Geometrie & Maße (Dimensionen);30;Ja;Gebäudeaufnahme;MICHI;0.1;2026-08-03;400;Fachkundig;-;;Objekt
AL_Verlegeart;Verlegeart?;Objekt;;;;Abwasserinstallation;Anschlussleitung;Einzelauswahl;"freiliegend;in Vorwand/Schacht;im Boden;erdverlegt;abgehängt;weiß nicht";;-;immer;Ja;Nein;;Sanitär;40;Ja;Gebäudeaufnahme;MICHI;0.1;2026-08-03;300;Fachkundig;-;;Objekt
AL_Raumwechsel;Verlässt die Leitung diesen Raum?;Objekt;;;;Abwasserinstallation;Anschlussleitung;Ja/Nein;"Ja;Nein;weiß nicht";;-;immer;Ja;Nein;;Struktur & Verknüpfung;10;Ja;Gebäudeaufnahme;MICHI;0.1;2026-08-03;200;Laie;-;;Objekt
AL_Wanddurchbruch;Wanddurchbruch dabei?;Objekt;;;;Abwasserinstallation;Anschlussleitung;Ja/Nein;"Ja;Nein;weiß nicht";;-;«AL_Raumwechsel» = Ja;Ja;Nein;;Struktur & Verknüpfung;20;Ja;Gebäudeaufnahme;MICHI;0.1;2026-08-03;200;Laie;-;;Objekt
AL_Schaeden;Auffälligkeiten? (Mehrfach);Objekt;;;;Abwasserinstallation;Anschlussleitung;Mehrfachauswahl;"keine;Undichtigkeit/Feuchte;Verstopfungsspuren;Korrosion;weiß nicht";;-;immer;Nein;Nein;;Schäden / Mangel;80;Ja;Gebäudeaufnahme;MICHI;0.1;2026-08-03;200;Laie;-;;Objekt
AL_Foto;Übersichtsfoto;Objekt;;;;Abwasserinstallation;Anschlussleitung;Foto-Upload;;;-;immer;Nein;Ja;;Dokumentation / Foto;90;Ja;Gebäudeaufnahme;MICHI;0.1;2026-08-03;200;Laie;Übersicht;;Objekt
GL_Nennweite;Nennweite?;Objekt;;;;Abwasserinstallation;Grundleitung;Einzelauswahl;"DN40;DN50;DN70;DN100;DN125;DN150;weiß nicht";;-;immer;Ja;Nein;;Geometrie & Maße (Dimensionen);10;Ja;Gebäudeaufnahme;MICHI;0.1;2026-08-03;300;Fachkundig;-;;Objekt
GL_Material;Rohrmaterial?;Objekt;;;;Abwasserinstallation;Grundleitung;Einzelauswahl;"PVC/HT (Kunststoff);SML-Guss;Steinzeug;PE;weiß nicht";;-;immer;Ja;Nein;;Sanitär;20;Ja;Gebäudeaufnahme;MICHI;0.1;2026-08-03;300;Fachkundig;-;;Objekt
GL_Gefaelle;Gefälle (%)?;Objekt;;;;Abwasserinstallation;Grundleitung;Zahl;;;%;immer;Nein;Nein;Neigung in Fließrichtung.;Geometrie & Maße (Dimensionen);30;Ja;Gebäudeaufnahme;MICHI;0.1;2026-08-03;400;Fachkundig;-;;Objekt
GL_Verlegeart;Verlegeart?;Objekt;;;;Abwasserinstallation;Grundleitung;Einzelauswahl;"freiliegend;in Vorwand/Schacht;im Boden;erdverlegt;abgehängt;weiß nicht";;-;immer;Ja;Nein;;Sanitär;40;Ja;Gebäudeaufnahme;MICHI;0.1;2026-08-03;300;Fachkundig;-;;Objekt
GL_Raumwechsel;Verlässt die Leitung diesen Raum?;Objekt;;;;Abwasserinstallation;Grundleitung;Ja/Nein;"Ja;Nein;weiß nicht";;-;immer;Ja;Nein;;Struktur & Verknüpfung;10;Ja;Gebäudeaufnahme;MICHI;0.1;2026-08-03;200;Laie;-;;Objekt
GL_Wanddurchbruch;Wanddurchbruch dabei?;Objekt;;;;Abwasserinstallation;Grundleitung;Ja/Nein;"Ja;Nein;weiß nicht";;-;«GL_Raumwechsel» = Ja;Ja;Nein;;Struktur & Verknüpfung;20;Ja;Gebäudeaufnahme;MICHI;0.1;2026-08-03;200;Laie;-;;Objekt
GL_Schaeden;Auffälligkeiten? (Mehrfach);Objekt;;;;Abwasserinstallation;Grundleitung;Mehrfachauswahl;"keine;Undichtigkeit/Feuchte;Verstopfungsspuren;Korrosion;weiß nicht";;-;immer;Nein;Nein;;Schäden / Mangel;80;Ja;Gebäudeaufnahme;MICHI;0.1;2026-08-03;200;Laie;-;;Objekt
GL_Foto;Übersichtsfoto;Objekt;;;;Abwasserinstallation;Grundleitung;Foto-Upload;;;-;immer;Nein;Ja;;Dokumentation / Foto;90;Ja;Gebäudeaufnahme;MICHI;0.1;2026-08-03;200;Laie;Übersicht;;Objekt
FL_Nennweite;Nennweite?;Objekt;;;;Abwasserinstallation;Fallleitung;Einzelauswahl;"DN40;DN50;DN70;DN100;DN125;DN150;weiß nicht";;-;immer;Ja;Nein;;Geometrie & Maße (Dimensionen);10;Ja;Gebäudeaufnahme;MICHI;0.1;2026-08-03;300;Fachkundig;-;;Objekt
FL_Material;Rohrmaterial?;Objekt;;;;Abwasserinstallation;Fallleitung;Einzelauswahl;"PVC/HT (Kunststoff);SML-Guss;Steinzeug;PE;weiß nicht";;-;immer;Ja;Nein;;Sanitär;20;Ja;Gebäudeaufnahme;MICHI;0.1;2026-08-03;300;Fachkundig;-;;Objekt
FL_Verlegeart;Verlegeart?;Objekt;;;;Abwasserinstallation;Fallleitung;Einzelauswahl;"freiliegend;in Vorwand/Schacht;im Boden;erdverlegt;abgehängt;weiß nicht";;-;immer;Ja;Nein;;Sanitär;40;Ja;Gebäudeaufnahme;MICHI;0.1;2026-08-03;300;Fachkundig;-;;Objekt
FL_Raumwechsel;Verlässt die Leitung diesen Raum?;Objekt;;;;Abwasserinstallation;Fallleitung;Ja/Nein;"Ja;Nein;weiß nicht";;-;immer;Ja;Nein;;Struktur & Verknüpfung;10;Ja;Gebäudeaufnahme;MICHI;0.1;2026-08-03;200;Laie;-;;Objekt
FL_Wanddurchbruch;Wanddurchbruch dabei?;Objekt;;;;Abwasserinstallation;Fallleitung;Ja/Nein;"Ja;Nein;weiß nicht";;-;«FL_Raumwechsel» = Ja;Ja;Nein;;Struktur & Verknüpfung;20;Ja;Gebäudeaufnahme;MICHI;0.1;2026-08-03;200;Laie;-;;Objekt
FL_Schaeden;Auffälligkeiten? (Mehrfach);Objekt;;;;Abwasserinstallation;Fallleitung;Mehrfachauswahl;"keine;Undichtigkeit/Feuchte;Verstopfungsspuren;Korrosion;weiß nicht";;-;immer;Nein;Nein;;Schäden / Mangel;80;Ja;Gebäudeaufnahme;MICHI;0.1;2026-08-03;200;Laie;-;;Objekt
FL_Foto;Übersichtsfoto;Objekt;;;;Abwasserinstallation;Fallleitung;Foto-Upload;;;-;immer;Nein;Ja;;Dokumentation / Foto;90;Ja;Gebäudeaufnahme;MICHI;0.1;2026-08-03;200;Laie;Übersicht;;Objekt
LL_UeberDach;Führt die Lüftung über Dach?;Objekt;;;;Abwasserinstallation;Lüftungsleitung;Ja/Nein;"Ja;Nein;weiß nicht";;-;immer;Nein;Nein;;Sanitär;10;Ja;Gebäudeaufnahme;MICHI;0.1;2026-08-03;300;Fachkundig;-;;Objekt
LL_Foto;Übersichtsfoto;Objekt;;;;Abwasserinstallation;Lüftungsleitung;Foto-Upload;;;-;immer;Nein;Ja;;Dokumentation / Foto;90;Ja;Gebäudeaufnahme;MICHI;0.1;2026-08-03;200;Laie;Übersicht;;Objekt
BA_Bauart;Bauart?;Objekt;;;;Abwasser-Sonderbauteile;Bodenablauf/Gully;Einzelauswahl;"Bodenablauf mit Rost;Duschrinne;Kellergully;weiß nicht";;-;immer;Ja;Nein;;Sanitär;10;Ja;Gebäudeaufnahme;MICHI;0.1;2026-08-03;300;Fachkundig;-;;Objekt
BA_Geruchsverschluss;Geruchsverschluss vorhanden?;Objekt;;;;Abwasser-Sonderbauteile;Bodenablauf/Gully;Ja/Nein;"Ja;Nein;weiß nicht";;-;immer;Nein;Nein;;Sanitär;20;Ja;Gebäudeaufnahme;MICHI;0.1;2026-08-03;300;Fachkundig;-;;Objekt
BA_Foto;Übersichtsfoto;Objekt;;;;Abwasser-Sonderbauteile;Bodenablauf/Gully;Foto-Upload;;;-;immer;Nein;Ja;;Dokumentation / Foto;90;Ja;Gebäudeaufnahme;MICHI;0.1;2026-08-03;200;Laie;Übersicht;;Objekt
RS_Typ;Typ?;Objekt;;;;Abwasser-Sonderbauteile;Rückstauverschluss/Rückstauklappe;Einzelauswahl;"mechanische Klappe;Hebeanlage-Rückstau;weiß nicht";;-;immer;Ja;Nein;;Sanitär;10;Ja;Gebäudeaufnahme;MICHI;0.1;2026-08-03;300;Fachkundig;-;;Objekt
RS_Foto;Übersichtsfoto;Objekt;;;;Abwasser-Sonderbauteile;Rückstauverschluss/Rückstauklappe;Foto-Upload;;;-;immer;Nein;Ja;;Dokumentation / Foto;90;Ja;Gebäudeaufnahme;MICHI;0.1;2026-08-03;200;Laie;Übersicht;;Objekt
HA_Bauart;Bauart?;Objekt;;;;Abwasser-Sonderbauteile;Hebeanlage;Einzelauswahl;"Fäkalienhebeanlage;Schmutzwasser;Kompaktanlage;weiß nicht";;-;immer;Ja;Nein;;Sanitär;10;Ja;Gebäudeaufnahme;MICHI;0.1;2026-08-03;300;Fachkundig;-;;Objekt
HA_Alarm;Alarm/Störmeldung vorhanden?;Objekt;;;;Abwasser-Sonderbauteile;Hebeanlage;Ja/Nein;"Ja;Nein;weiß nicht";;-;immer;Nein;Nein;;Sanitär;20;Ja;Gebäudeaufnahme;MICHI;0.1;2026-08-03;300;Fachkundig;-;;Objekt
HA_Schaeden;Auffälligkeiten? (Mehrfach);Objekt;;;;Abwasser-Sonderbauteile;Hebeanlage;Mehrfachauswahl;"keine;Undichtigkeit;Geruch;Störmeldung;weiß nicht";;-;immer;Nein;Nein;;Schäden / Mangel;80;Ja;Gebäudeaufnahme;MICHI;0.1;2026-08-03;200;Laie;-;;Objekt
HA_Foto;Übersichtsfoto;Objekt;;;;Abwasser-Sonderbauteile;Hebeanlage;Foto-Upload;;;-;immer;Nein;Ja;;Dokumentation / Foto;90;Ja;Gebäudeaufnahme;MICHI;0.1;2026-08-03;200;Laie;Übersicht;;Objekt
FA_Groesse;Nenngröße/Volumen (falls bekannt)?;Objekt;;;;Abwasser-Sonderbauteile;Fettabscheider;Text;;;-;immer;Nein;Nein;;Sanitär;10;Ja;Gebäudeaufnahme;MICHI;0.1;2026-08-03;300;Fachkundig;-;;Objekt
FA_Foto;Übersichtsfoto;Objekt;;;;Abwasser-Sonderbauteile;Fettabscheider;Foto-Upload;;;-;immer;Nein;Ja;;Dokumentation / Foto;90;Ja;Gebäudeaufnahme;MICHI;0.1;2026-08-03;200;Laie;Übersicht;;Objekt
OA_Bauart;Bauart?;Objekt;;;;Abwasser-Sonderbauteile;Ölabscheider;Einzelauswahl;"Koaleszenzabscheider;Schwerkraft;weiß nicht";;-;immer;Nein;Nein;;Sanitär;10;Ja;Gebäudeaufnahme;MICHI;0.1;2026-08-03;300;Fachkundig;-;;Objekt
OA_Foto;Übersichtsfoto;Objekt;;;;Abwasser-Sonderbauteile;Ölabscheider;Foto-Upload;;;-;immer;Nein;Ja;;Dokumentation / Foto;90;Ja;Gebäudeaufnahme;MICHI;0.1;2026-08-03;200;Laie;Übersicht;;Objekt
RSch_Zugang;Schacht zugänglich?;Objekt;;;;Abwasser-Sonderbauteile;Revisionsschacht/Kanalanschluss;Einzelauswahl;"frei;überbaut;weiß nicht";;-;immer;Nein;Nein;;Sanitär;10;Ja;Gebäudeaufnahme;MICHI;0.1;2026-08-03;300;Fachkundig;-;;Objekt
RSch_Foto;Übersichtsfoto;Objekt;;;;Abwasser-Sonderbauteile;Revisionsschacht/Kanalanschluss;Foto-Upload;;;-;immer;Nein;Ja;;Dokumentation / Foto;90;Ja;Gebäudeaufnahme;MICHI;0.1;2026-08-03;200;Laie;Übersicht;;Objekt
GL2_Nennweite;Nennweite?;Objekt;;;;Gasinstallation;Gasleitung;Einzelauswahl;"DN15;DN20;DN25;DN32;>DN32;weiß nicht";;-;immer;Ja;Nein;;Geometrie & Maße (Dimensionen);10;Ja;Gebäudeaufnahme;MICHI;0.1;2026-08-03;300;Fachkundig;-;;Objekt
GL2_Material;Werkstoff?;Objekt;;;;Gasinstallation;Gasleitung;Einzelauswahl;"Stahl (geschweißt/gepresst);Kupfer;Edelstahl-Wellrohr;PE (erdverlegt);weiß nicht";;-;immer;Ja;Nein;;Gas;20;Ja;Gebäudeaufnahme;MICHI;0.1;2026-08-03;300;Fachkundig;-;;Objekt
GL2_Verlegeart;Verlegeart?;Objekt;;;;Gasinstallation;Gasleitung;Einzelauswahl;"Aufputz;Unterputz;in Schacht;erdverlegt;weiß nicht";;-;immer;Ja;Nein;;Gas;30;Ja;Gebäudeaufnahme;MICHI;0.1;2026-08-03;300;Fachkundig;-;;Objekt
GL2_Raumwechsel;Verlässt die Leitung diesen Raum?;Objekt;;;;Gasinstallation;Gasleitung;Ja/Nein;"Ja;Nein;weiß nicht";;-;immer;Ja;Nein;;Struktur & Verknüpfung;10;Ja;Gebäudeaufnahme;MICHI;0.1;2026-08-03;200;Laie;-;;Objekt
GL2_Wanddurchbruch;Wanddurchbruch dabei?;Objekt;;;;Gasinstallation;Gasleitung;Ja/Nein;"Ja;Nein;weiß nicht";;-;«GL2_Raumwechsel» = Ja;Ja;Nein;;Struktur & Verknüpfung;20;Ja;Gebäudeaufnahme;MICHI;0.1;2026-08-03;200;Laie;-;;Objekt
GL2_Schaeden;Auffälligkeiten? (Mehrfach);Objekt;;;;Gasinstallation;Gasleitung;Mehrfachauswahl;"keine;Korrosion;Gasgeruch (sofort melden!);weiß nicht";;-;immer;Nein;Nein;;Schäden / Mangel;80;Ja;Gebäudeaufnahme;MICHI;0.1;2026-08-03;200;Laie;-;;Objekt
GL2_Foto;Übersichtsfoto;Objekt;;;;Gasinstallation;Gasleitung;Foto-Upload;;;-;immer;Nein;Ja;;Dokumentation / Foto;90;Ja;Gebäudeaufnahme;MICHI;0.1;2026-08-03;200;Laie;Übersicht;;Objekt
HAE_Absperrung;Hauptabsperreinrichtung (HAE) zugänglich?;Objekt;;;;Gasinstallation;Gashausanschluss/HAE;Ja/Nein;"Ja;Nein;weiß nicht";;-;immer;Ja;Nein;;Gas;10;Ja;Gebäudeaufnahme;MICHI;0.1;2026-08-03;300;Fachkundig;-;;Objekt
HAE_Regler;Gasdruckregler vorhanden?;Objekt;;;;Gasinstallation;Gashausanschluss/HAE;Ja/Nein;"Ja;Nein;weiß nicht";;-;immer;Nein;Nein;;Gas;20;Ja;Gebäudeaufnahme;MICHI;0.1;2026-08-03;300;Fachkundig;-;;Objekt
HAE_Foto;Übersichtsfoto;Objekt;;;;Gasinstallation;Gashausanschluss/HAE;Foto-Upload;;;-;immer;Nein;Ja;;Dokumentation / Foto;90;Ja;Gebäudeaufnahme;MICHI;0.1;2026-08-03;200;Laie;Übersicht;;Objekt
HAK_Plombe;Plombiert/unversehrt?;Objekt;;;;Elektroverteilung;Hausanschlusskasten (HAK);Ja/Nein;"Ja;Nein;weiß nicht";;-;immer;Nein;Nein;;Elektro;10;Ja;Gebäudeaufnahme;MICHI;0.1;2026-08-03;300;Fachkundig;-;;Objekt
HAK_Foto;Übersichtsfoto;Objekt;;;;Elektroverteilung;Hausanschlusskasten (HAK);Foto-Upload;;;-;immer;Nein;Ja;;Dokumentation / Foto;90;Ja;Gebäudeaufnahme;MICHI;0.1;2026-08-03;200;Laie;Übersicht;;Objekt
ZS_Anzahl;Anzahl Zähler?;Objekt;;;;Elektroverteilung;Zählerschrank;Zahl;;;-;immer;Nein;Nein;;Elektro;10;Ja;Gebäudeaufnahme;MICHI;0.1;2026-08-03;300;Fachkundig;-;;Objekt
ZS_Bauart;Bauart?;Objekt;;;;Elektroverteilung;Zählerschrank;Einzelauswahl;"Aufputz;Unterputz;Standschrank;weiß nicht";;-;immer;Nein;Nein;;Elektro;20;Ja;Gebäudeaufnahme;MICHI;0.1;2026-08-03;300;Fachkundig;-;;Objekt
ZS_Foto;Übersichtsfoto;Objekt;;;;Elektroverteilung;Zählerschrank;Foto-Upload;;;-;immer;Nein;Ja;;Dokumentation / Foto;90;Ja;Gebäudeaufnahme;MICHI;0.1;2026-08-03;200;Laie;Übersicht;;Objekt
SZ_Nummer;Zählernummer?;Objekt;;;;Elektroverteilung;Stromzähler;Text;;;-;immer;Nein;Nein;;Allgemein / Identifikation;10;Ja;Gebäudeaufnahme;MICHI;0.1;2026-08-03;300;Fachkundig;-;;Objekt
SZ_Typ;Zählertyp?;Objekt;;;;Elektroverteilung;Stromzähler;Einzelauswahl;"Ferraris (analog);digital;Smart Meter;weiß nicht";;-;immer;Nein;Nein;;Elektro;20;Ja;Gebäudeaufnahme;MICHI;0.1;2026-08-03;300;Fachkundig;-;;Objekt
SZ_Stand;Zählerstand (kWh)?;Objekt;;;;Elektroverteilung;Stromzähler;Zahl;;;kWh;immer;Nein;Nein;;Nutzung & Betrieb;10;Ja;Gebäudeaufnahme;MICHI;0.1;2026-08-03;300;Laie;-;;Objekt
SZ_Foto;Übersichtsfoto;Objekt;;;;Elektroverteilung;Stromzähler;Foto-Upload;;;-;immer;Nein;Ja;;Dokumentation / Foto;90;Ja;Gebäudeaufnahme;MICHI;0.1;2026-08-03;200;Laie;Übersicht;;Objekt
HV_Stromkreise;Anzahl Stromkreise?;Objekt;;;;Elektroverteilung;Hauptverteilung;Zahl;;;-;immer;Nein;Nein;;Elektro;10;Ja;Gebäudeaufnahme;MICHI;0.1;2026-08-03;300;Fachkundig;-;;Objekt
HV_SLS;SLS/Hauptschalter vorhanden?;Objekt;;;;Elektroverteilung;Hauptverteilung;Ja/Nein;"Ja;Nein;weiß nicht";;-;immer;Nein;Nein;;Elektro;20;Ja;Gebäudeaufnahme;MICHI;0.1;2026-08-03;300;Fachkundig;-;;Objekt
HV_FI;FI/RCD vorhanden?;Objekt;;;;Elektroverteilung;Hauptverteilung;Ja/Nein;"Ja;Nein;weiß nicht";;-;immer;Nein;Nein;;Elektro;30;Ja;Gebäudeaufnahme;MICHI;0.1;2026-08-03;200;Laie;-;;Objekt
HV_Foto;Übersichtsfoto;Objekt;;;;Elektroverteilung;Hauptverteilung;Foto-Upload;;;-;immer;Nein;Ja;;Dokumentation / Foto;90;Ja;Gebäudeaufnahme;MICHI;0.1;2026-08-03;200;Laie;Übersicht;;Objekt
LK_Verlegeart;Verlegeart?;Objekt;;;;Elektroinstallation;Leitung/Kabel;Einzelauswahl;"Unterputz;Aufputz;Kabelkanal;auf Trasse;erdverlegt;weiß nicht";;-;immer;Ja;Nein;;Elektro;10;Ja;Gebäudeaufnahme;MICHI;0.1;2026-08-03;300;Fachkundig;-;;Objekt
LK_Querschnitt;Querschnitt/Typ (falls bekannt)?;Objekt;;;;Elektroinstallation;Leitung/Kabel;Text;;;-;immer;Nein;Nein;;Elektro;20;Ja;Gebäudeaufnahme;MICHI;0.1;2026-08-03;300;Fachkundig;-;;Objekt
LK_Raumwechsel;Verlässt die Leitung diesen Raum?;Objekt;;;;Elektroinstallation;Leitung/Kabel;Ja/Nein;"Ja;Nein;weiß nicht";;-;immer;Nein;Nein;;Struktur & Verknüpfung;10;Ja;Gebäudeaufnahme;MICHI;0.1;2026-08-03;200;Laie;-;;Objekt
LK_Foto;Übersichtsfoto;Objekt;;;;Elektroinstallation;Leitung/Kabel;Foto-Upload;;;-;immer;Nein;Ja;;Dokumentation / Foto;90;Ja;Gebäudeaufnahme;MICHI;0.1;2026-08-03;200;Laie;Übersicht;;Objekt
AD_Zugang;Zugänglich?;Objekt;;;;Elektroinstallation;Abzweigdose;Einzelauswahl;"frei;überputzt/verbaut;weiß nicht";;-;immer;Nein;Nein;;Elektro;10;Ja;Gebäudeaufnahme;MICHI;0.1;2026-08-03;300;Fachkundig;-;;Objekt
AD_Foto;Übersichtsfoto;Objekt;;;;Elektroinstallation;Abzweigdose;Foto-Upload;;;-;immer;Nein;Ja;;Dokumentation / Foto;90;Ja;Gebäudeaufnahme;MICHI;0.1;2026-08-03;200;Laie;Übersicht;;Objekt
PA_Angeschlossen;Sichtbar angeschlossen (Wasser/Gas/Erder)?;Objekt;;;;Elektroinstallation;Potentialausgleichsschiene;Einzelauswahl;"ja, mehrere;teilweise;nein;weiß nicht";;-;immer;Nein;Nein;;Elektro;10;Ja;Gebäudeaufnahme;MICHI;0.1;2026-08-03;300;Fachkundig;-;;Objekt
PA_Foto;Übersichtsfoto;Objekt;;;;Elektroinstallation;Potentialausgleichsschiene;Foto-Upload;;;-;immer;Nein;Ja;;Dokumentation / Foto;90;Ja;Gebäudeaufnahme;MICHI;0.1;2026-08-03;200;Laie;Übersicht;;Objekt
SD_Typ;Steckdosentyp?;Objekt;;;;Elektro-Endstellen;Steckdose;Einzelauswahl;"Schuko;CEE (Kraftstrom);FI-geschützt;weiß nicht";;-;immer;Nein;Nein;;Elektro;10;Ja;Gebäudeaufnahme;MICHI;0.1;2026-08-03;300;Fachkundig;-;;Objekt
SD_Anzahl;Anzahl an dieser Position?;Objekt;;;;Elektro-Endstellen;Steckdose;Zahl;;;-;immer;Nein;Nein;;Elektro;20;Ja;Gebäudeaufnahme;MICHI;0.1;2026-08-03;300;Fachkundig;-;;Objekt
SD_Foto;Übersichtsfoto;Objekt;;;;Elektro-Endstellen;Steckdose;Foto-Upload;;;-;immer;Nein;Ja;;Dokumentation / Foto;90;Ja;Gebäudeaufnahme;MICHI;0.1;2026-08-03;200;Laie;Übersicht;;Objekt
SW_Typ;Schaltertyp?;Objekt;;;;Elektro-Endstellen;Schalter;Einzelauswahl;"Aus/Wechsel;Dimmer;Bewegungsmelder;Smart;weiß nicht";;-;immer;Nein;Nein;;Elektro;10;Ja;Gebäudeaufnahme;MICHI;0.1;2026-08-03;300;Fachkundig;-;;Objekt
SW_Foto;Übersichtsfoto;Objekt;;;;Elektro-Endstellen;Schalter;Foto-Upload;;;-;immer;Nein;Ja;;Dokumentation / Foto;90;Ja;Gebäudeaufnahme;MICHI;0.1;2026-08-03;200;Laie;Übersicht;;Objekt
LE_Typ;Art?;Objekt;;;;Elektro-Endstellen;Leuchte/Auslass;Einzelauswahl;"Deckenauslass;Wandleuchte;Einbauleuchte;Auslass ohne Leuchte;weiß nicht";;-;immer;Nein;Nein;;Elektro;10;Ja;Gebäudeaufnahme;MICHI;0.1;2026-08-03;300;Fachkundig;-;;Objekt
LE_Mittel;Leuchtmittel?;Objekt;;;;Elektro-Endstellen;Leuchte/Auslass;Einzelauswahl;"LED;Halogen;Leuchtstoff;weiß nicht";;-;immer;Nein;Nein;;Elektro;20;Ja;Gebäudeaufnahme;MICHI;0.1;2026-08-03;300;Fachkundig;-;;Objekt
LE_Foto;Übersichtsfoto;Objekt;;;;Elektro-Endstellen;Leuchte/Auslass;Foto-Upload;;;-;immer;Nein;Ja;;Dokumentation / Foto;90;Ja;Gebäudeaufnahme;MICHI;0.1;2026-08-03;200;Laie;Übersicht;;Objekt
PVM_Leistung;Modulleistung gesamt (kWp, falls bekannt)?;Objekt;;;;Elektro-Erzeugung/Speicher;PV-Modul;Zahl;;;kWp;immer;Nein;Nein;;Elektro;10;Ja;Gebäudeaufnahme;MICHI;0.1;2026-08-03;300;Fachkundig;-;;Objekt
PVM_Anzahl;Anzahl Module?;Objekt;;;;Elektro-Erzeugung/Speicher;PV-Modul;Zahl;;;-;immer;Nein;Nein;;Elektro;20;Ja;Gebäudeaufnahme;MICHI;0.1;2026-08-03;300;Fachkundig;-;;Objekt
PVM_Ausrichtung;Ausrichtung (Himmelsrichtung)?;Objekt;;;;Elektro-Erzeugung/Speicher;PV-Modul;Einzelauswahl;"Süd;Südost;Südwest;Ost;West;Nord;weiß nicht";;-;immer;Ja;Nein;;Geometrie & Maße (Dimensionen);30;Ja;Gebäudeaufnahme;MICHI;0.1;2026-08-03;200;Laie;-;;Objekt
PVM_Neigung;Neigung (°)?;Objekt;;;;Elektro-Erzeugung/Speicher;PV-Modul;Zahl;;;°;immer;Nein;Nein;;Geometrie & Maße (Dimensionen);40;Ja;Gebäudeaufnahme;MICHI;0.1;2026-08-03;300;Fachkundig;-;;Objekt
PVM_Schaeden;Auffälligkeiten? (Mehrfach);Objekt;;;;Elektro-Erzeugung/Speicher;PV-Modul;Mehrfachauswahl;"keine;Glasbruch;Verschmutzung;Hotspot/Verfärbung;weiß nicht";;-;immer;Nein;Nein;;Schäden / Mangel;80;Ja;Gebäudeaufnahme;MICHI;0.1;2026-08-03;200;Laie;-;;Objekt
PVM_Foto;Übersichtsfoto;Objekt;;;;Elektro-Erzeugung/Speicher;PV-Modul;Foto-Upload;;;-;immer;Nein;Ja;;Dokumentation / Foto;90;Ja;Gebäudeaufnahme;MICHI;0.1;2026-08-03;200;Laie;Übersicht;;Objekt
WR_Leistung;Nennleistung (kW)?;Objekt;;;;Elektro-Erzeugung/Speicher;PV-Wechselrichter;Zahl;;;kW;immer;Nein;Nein;;Elektro;10;Ja;Gebäudeaufnahme;MICHI;0.1;2026-08-03;300;Fachkundig;-;;Objekt
WR_Ertrag;Gesamtertrag/Anzeige (kWh, falls ablesbar)?;Objekt;;;;Elektro-Erzeugung/Speicher;PV-Wechselrichter;Zahl;;;kWh;immer;Nein;Nein;;Nutzung & Betrieb;10;Ja;Gebäudeaufnahme;MICHI;0.1;2026-08-03;400;Fachkundig;-;;Objekt
WR_Foto;Übersichtsfoto;Objekt;;;;Elektro-Erzeugung/Speicher;PV-Wechselrichter;Foto-Upload;;;-;immer;Nein;Ja;;Dokumentation / Foto;90;Ja;Gebäudeaufnahme;MICHI;0.1;2026-08-03;200;Laie;Übersicht;;Objekt
BS_Kapazitaet;Kapazität (kWh)?;Objekt;;;;Elektro-Erzeugung/Speicher;Batteriespeicher;Zahl;;;kWh;immer;Nein;Nein;;Elektro;10;Ja;Gebäudeaufnahme;MICHI;0.1;2026-08-03;300;Fachkundig;-;;Objekt
BS_Technologie;Technologie?;Objekt;;;;Elektro-Erzeugung/Speicher;Batteriespeicher;Einzelauswahl;"Lithium;Blei;weiß nicht";;-;immer;Nein;Nein;;Elektro;20;Ja;Gebäudeaufnahme;MICHI;0.1;2026-08-03;300;Fachkundig;-;;Objekt
BS_Foto;Übersichtsfoto;Objekt;;;;Elektro-Erzeugung/Speicher;Batteriespeicher;Foto-Upload;;;-;immer;Nein;Ja;;Dokumentation / Foto;90;Ja;Gebäudeaufnahme;MICHI;0.1;2026-08-03;200;Laie;Übersicht;;Objekt
WBX_Leistung;Ladeleistung (kW)?;Objekt;;;;Elektro-Erzeugung/Speicher;Wallbox/Ladestation;Zahl;;;kW;immer;Nein;Nein;;Elektro;10;Ja;Gebäudeaufnahme;MICHI;0.1;2026-08-03;300;Fachkundig;-;;Objekt
WBX_Anschluss;Anschluss?;Objekt;;;;Elektro-Erzeugung/Speicher;Wallbox/Ladestation;Einzelauswahl;"fest angeschlossen;Steckdose (CEE);weiß nicht";;-;immer;Nein;Nein;;Elektro;20;Ja;Gebäudeaufnahme;MICHI;0.1;2026-08-03;300;Fachkundig;-;;Objekt
WBX_Foto;Übersichtsfoto;Objekt;;;;Elektro-Erzeugung/Speicher;Wallbox/Ladestation;Foto-Upload;;;-;immer;Nein;Ja;;Dokumentation / Foto;90;Ja;Gebäudeaufnahme;MICHI;0.1;2026-08-03;200;Laie;Übersicht;;Objekt
ARM_Nennweite;Nennweite/Anschlussgröße?;Objekt;;;;Heizungsarmaturen;;Einzelauswahl;"DN10;DN15;DN20;DN25;DN32;>DN32;weiß nicht";;-;immer;Nein;Nein;;Geometrie & Maße (Dimensionen);10;Ja;Gebäudeaufnahme;MICHI;0.1;2026-08-03;400;Fachkundig;-;;Sub-Objekt
ARM_Zustand;Zustand/Dichtheit?;Objekt;;;;Heizungsarmaturen;;Einzelauswahl;"dicht;tropft;undicht;schwergängig;weiß nicht";;-;immer;Nein;Nein;;Schäden / Mangel;10;Ja;Gebäudeaufnahme;MICHI;0.1;2026-08-03;300;Fachkundig;-;;Sub-Objekt
ARM_Foto;Foto der Armatur;Objekt;;;;Heizungsarmaturen;;Foto-Upload;;;-;immer;Nein;Nein;;Dokumentation / Foto;90;Ja;Gebäudeaufnahme;MICHI;0.1;2026-08-03;300;Fachkundig;Detail;;Sub-Objekt
ARM_Nennweite;Nennweite/Anschlussgröße?;Objekt;;;;Wasserarmaturen;;Einzelauswahl;"DN10;DN15;DN20;DN25;DN32;>DN32;weiß nicht";;-;immer;Nein;Nein;;Geometrie & Maße (Dimensionen);10;Ja;Gebäudeaufnahme;MICHI;0.1;2026-08-03;400;Fachkundig;-;;Sub-Objekt
ARM_Zustand;Zustand/Dichtheit?;Objekt;;;;Wasserarmaturen;;Einzelauswahl;"dicht;tropft;undicht;schwergängig;weiß nicht";;-;immer;Nein;Nein;;Schäden / Mangel;10;Ja;Gebäudeaufnahme;MICHI;0.1;2026-08-03;300;Fachkundig;-;;Sub-Objekt
ARM_Foto;Foto der Armatur;Objekt;;;;Wasserarmaturen;;Foto-Upload;;;-;immer;Nein;Nein;;Dokumentation / Foto;90;Ja;Gebäudeaufnahme;MICHI;0.1;2026-08-03;300;Fachkundig;Detail;;Sub-Objekt
ARM_Nennweite;Nennweite/Anschlussgröße?;Objekt;;;;TWW-Armaturen;;Einzelauswahl;"DN10;DN15;DN20;DN25;DN32;>DN32;weiß nicht";;-;immer;Nein;Nein;;Geometrie & Maße (Dimensionen);10;Ja;Gebäudeaufnahme;MICHI;0.1;2026-08-03;400;Fachkundig;-;;Sub-Objekt
ARM_Zustand;Zustand/Dichtheit?;Objekt;;;;TWW-Armaturen;;Einzelauswahl;"dicht;tropft;undicht;schwergängig;weiß nicht";;-;immer;Nein;Nein;;Schäden / Mangel;10;Ja;Gebäudeaufnahme;MICHI;0.1;2026-08-03;300;Fachkundig;-;;Sub-Objekt
ARM_Foto;Foto der Armatur;Objekt;;;;TWW-Armaturen;;Foto-Upload;;;-;immer;Nein;Nein;;Dokumentation / Foto;90;Ja;Gebäudeaufnahme;MICHI;0.1;2026-08-03;300;Fachkundig;Detail;;Sub-Objekt
ARM_Nennweite;Nennweite/Anschlussgröße?;Objekt;;;;Gasarmaturen;;Einzelauswahl;"DN10;DN15;DN20;DN25;DN32;>DN32;weiß nicht";;-;immer;Nein;Nein;;Geometrie & Maße (Dimensionen);10;Ja;Gebäudeaufnahme;MICHI;0.1;2026-08-03;400;Fachkundig;-;;Sub-Objekt
ARM_Zustand;Zustand/Dichtheit?;Objekt;;;;Gasarmaturen;;Einzelauswahl;"dicht;tropft;undicht;schwergängig;weiß nicht";;-;immer;Nein;Nein;;Schäden / Mangel;10;Ja;Gebäudeaufnahme;MICHI;0.1;2026-08-03;300;Fachkundig;-;;Sub-Objekt
ARM_Foto;Foto der Armatur;Objekt;;;;Gasarmaturen;;Foto-Upload;;;-;immer;Nein;Nein;;Dokumentation / Foto;90;Ja;Gebäudeaufnahme;MICHI;0.1;2026-08-03;300;Fachkundig;Detail;;Sub-Objekt
ARM_Nennweite;Nennweite/Anschlussgröße?;Objekt;;;;Solararmaturen;;Einzelauswahl;"DN10;DN15;DN20;DN25;DN32;>DN32;weiß nicht";;-;immer;Nein;Nein;;Geometrie & Maße (Dimensionen);10;Ja;Gebäudeaufnahme;MICHI;0.1;2026-08-03;400;Fachkundig;-;;Sub-Objekt
ARM_Zustand;Zustand/Dichtheit?;Objekt;;;;Solararmaturen;;Einzelauswahl;"dicht;tropft;undicht;schwergängig;weiß nicht";;-;immer;Nein;Nein;;Schäden / Mangel;10;Ja;Gebäudeaufnahme;MICHI;0.1;2026-08-03;300;Fachkundig;-;;Sub-Objekt
ARM_Foto;Foto der Armatur;Objekt;;;;Solararmaturen;;Foto-Upload;;;-;immer;Nein;Nein;;Dokumentation / Foto;90;Ja;Gebäudeaufnahme;MICHI;0.1;2026-08-03;300;Fachkundig;Detail;;Sub-Objekt
ARM_Nennweite;Nennweite/Anschlussgröße?;Objekt;;;;Kältearmaturen;;Einzelauswahl;"DN10;DN15;DN20;DN25;DN32;>DN32;weiß nicht";;-;immer;Nein;Nein;;Geometrie & Maße (Dimensionen);10;Ja;Gebäudeaufnahme;MICHI;0.1;2026-08-03;400;Fachkundig;-;;Sub-Objekt
ARM_Zustand;Zustand/Dichtheit?;Objekt;;;;Kältearmaturen;;Einzelauswahl;"dicht;tropft;undicht;schwergängig;weiß nicht";;-;immer;Nein;Nein;;Schäden / Mangel;10;Ja;Gebäudeaufnahme;MICHI;0.1;2026-08-03;300;Fachkundig;-;;Sub-Objekt
ARM_Foto;Foto der Armatur;Objekt;;;;Kältearmaturen;;Foto-Upload;;;-;immer;Nein;Nein;;Dokumentation / Foto;90;Ja;Gebäudeaufnahme;MICHI;0.1;2026-08-03;300;Fachkundig;Detail;;Sub-Objekt
SRV_Voreinstellung;Voreinstellwert (Skala) ablesbar?;Objekt;;;;Heizungsarmaturen;Strangregulierventil;Text;;;-;immer;Nein;Nein;Wert am Handrad/Skala.;Heizung;20;Ja;Gebäudeaufnahme;MICHI;0.1;2026-08-03;300;Fachkundig;-;;Sub-Objekt
SRV_Messnippel;Messnippel/Messventile vorhanden?;Objekt;;;;Heizungsarmaturen;Strangregulierventil;Ja/Nein;"Ja;Nein;weiß nicht";;-;immer;Nein;Nein;;Heizung;30;Ja;Gebäudeaufnahme;MICHI;0.1;2026-08-03;300;Fachkundig;-;;Sub-Objekt
SRV_kvs;kvs-/Durchflusswert (falls dokumentiert)?;Objekt;;;;Heizungsarmaturen;Strangregulierventil;Text;;;-;immer;Nein;Nein;;Heizung;40;Ja;Gebäudeaufnahme;MICHI;0.1;2026-08-03;400;Fachkundig;-;;Sub-Objekt
SRV_Plombe;Voreinstellung plombiert/fixiert?;Objekt;;;;Heizungsarmaturen;Strangregulierventil;Ja/Nein;"Ja;Nein;weiß nicht";;-;immer;Nein;Nein;;Heizung;50;Ja;Gebäudeaufnahme;MICHI;0.1;2026-08-03;400;Fachkundig;-;;Sub-Objekt
SRV_Bauart;Bauart?;Objekt;;;;Heizungsarmaturen;Strangregulierventil;Einzelauswahl;"statisch;dynamisch (druckunabhängig);weiß nicht";;-;immer;Nein;Nein;;Heizung;60;Ja;Gebäudeaufnahme;MICHI;0.1;2026-08-03;300;Fachkundig;-;;Sub-Objekt
DDR_Sollwert;Eingestellter Differenzdruck-Sollwert?;Objekt;;;;Heizungsarmaturen;Differenzdruckregler;Text;;;kPa;immer;Nein;Nein;;Heizung;20;Ja;Gebäudeaufnahme;MICHI;0.1;2026-08-03;400;Fachkundig;-;;Sub-Objekt
DDR_Bereich;Einstellbereich (falls ablesbar)?;Objekt;;;;Heizungsarmaturen;Differenzdruckregler;Text;;;-;immer;Nein;Nein;;Heizung;30;Ja;Gebäudeaufnahme;MICHI;0.1;2026-08-03;400;Fachkundig;-;;Sub-Objekt
DDR_Impuls;Impulsleitung angeschlossen?;Objekt;;;;Heizungsarmaturen;Differenzdruckregler;Ja/Nein;"Ja;Nein;weiß nicht";;-;immer;Nein;Nein;;Heizung;40;Ja;Gebäudeaufnahme;MICHI;0.1;2026-08-03;400;Fachkundig;-;;Sub-Objekt
UEV_Ansprechdruck;Ansprechdruck (bar)?;Objekt;;;;Heizungsarmaturen;Überströmventil;Zahl;;;bar;immer;Nein;Nein;;Heizung;20;Ja;Gebäudeaufnahme;MICHI;0.1;2026-08-03;400;Fachkundig;-;;Sub-Objekt
MIX_Antrieb;Antrieb?;Objekt;;;;Heizungsarmaturen;3-Wege-Mischer;Einzelauswahl;"handbetätigt;motorisch (Stellmotor);thermostatisch;weiß nicht";;-;immer;Ja;Nein;;Heizung;20;Ja;Gebäudeaufnahme;MICHI;0.1;2026-08-03;300;Fachkundig;-;;Sub-Objekt
MIX_Bauart;Mischerbauart?;Objekt;;;;Heizungsarmaturen;3-Wege-Mischer;Einzelauswahl;"Drehmischer (3-Wege);Drehmischer (4-Wege);Hubventil;weiß nicht";;-;immer;Nein;Nein;;Heizung;30;Ja;Gebäudeaufnahme;MICHI;0.1;2026-08-03;300;Fachkundig;-;;Sub-Objekt
TK_Voreinstellung;Behang-/Voreinstellung erkennbar?;Objekt;;;;Heizungsarmaturen;Thermostatkopf;Text;;;-;immer;Nein;Nein;;Heizung;40;Ja;Gebäudeaufnahme;MICHI;0.1;2026-08-03;400;Fachkundig;-;;Sub-Objekt
DM_Hinterdruck;Eingestellter Hinterdruck (bar)?;Objekt;;;;Wasserarmaturen;Druckminderer;Zahl;;;bar;immer;Nein;Nein;;Sanitär;20;Ja;Gebäudeaufnahme;MICHI;0.1;2026-08-03;400;Fachkundig;-;;Sub-Objekt
DM_Manometer;Manometer vorhanden?;Objekt;;;;Wasserarmaturen;Druckminderer;Ja/Nein;"Ja;Nein;weiß nicht";;-;immer;Nein;Nein;;Sanitär;30;Ja;Gebäudeaufnahme;MICHI;0.1;2026-08-03;300;Fachkundig;-;;Sub-Objekt
ST_Typ;Bauart (nach DIN EN 1717)?;Objekt;;;;Wasserarmaturen;Systemtrenner/Rückflussverhinderer;Einzelauswahl;"BA (kontrollierbar);CA;EA;weiß nicht";;-;immer;Ja;Nein;;Sanitär;20;Ja;Gebäudeaufnahme;MICHI;0.1;2026-08-03;400;Fachkundig;-;;Sub-Objekt
ST_Pruefventile;Prüfventile vorhanden?;Objekt;;;;Wasserarmaturen;Systemtrenner/Rückflussverhinderer;Ja/Nein;"Ja;Nein;weiß nicht";;-;immer;Nein;Nein;;Sanitär;30;Ja;Gebäudeaufnahme;MICHI;0.1;2026-08-03;400;Fachkundig;-;;Sub-Objekt
VBM_Solltemp;Eingestellte Solltemperatur (°C)?;Objekt;;;;TWW-Armaturen;Thermostat-/Verbrühschutzmischer;Zahl;;;°C;immer;Nein;Nein;;Sanitär;20;Ja;Gebäudeaufnahme;MICHI;0.1;2026-08-03;300;Fachkundig;-;;Sub-Objekt
ZRV_Solltemp;Eingestellte Temperatur (°C)?;Objekt;;;;TWW-Armaturen;Zirkulationsregulierventil (thermostatisch);Zahl;;;°C;immer;Nein;Nein;;Sanitär;20;Ja;Gebäudeaufnahme;MICHI;0.1;2026-08-03;300;Fachkundig;-;;Sub-Objekt
ZRV_Desinfektion;Thermische Desinfektionsfunktion?;Objekt;;;;TWW-Armaturen;Zirkulationsregulierventil (thermostatisch);Ja/Nein;"Ja;Nein;weiß nicht";;-;immer;Nein;Nein;;Sanitär;30;Ja;Gebäudeaufnahme;MICHI;0.1;2026-08-03;400;Fachkundig;-;;Sub-Objekt
TAE_Einbau;Einbauort?;Objekt;;;;Gasarmaturen;Thermische Absperreinrichtung (TAE);Einzelauswahl;"vor Gerät;am Zähler;in Leitung;weiß nicht";;-;immer;Nein;Nein;;Gas;20;Ja;Gebäudeaufnahme;MICHI;0.1;2026-08-03;400;Fachkundig;-;;Sub-Objekt
GSW_Groesse;Typ/Größe (K-Wert, falls bekannt)?;Objekt;;;;Gasarmaturen;Gasströmungswächter (GS);Text;;;-;immer;Nein;Nein;;Gas;20;Ja;Gebäudeaufnahme;MICHI;0.1;2026-08-03;400;Fachkundig;-;;Sub-Objekt
GDR_Ausgangsdruck;Ausgangsdruck (mbar)?;Objekt;;;;Gasarmaturen;Gasdruckregler;Zahl;;;mbar;immer;Nein;Nein;;Gas;20;Ja;Gebäudeaufnahme;MICHI;0.1;2026-08-03;400;Fachkundig;-;;Sub-Objekt
SSG_Ansprechdruck;Ansprechdruck Sicherheitsventil (bar)?;Objekt;;;;Solararmaturen;Solar-Sicherheitsgruppe;Zahl;;;bar;immer;Nein;Nein;;Solar;20;Ja;Gebäudeaufnahme;MICHI;0.1;2026-08-03;400;Fachkundig;-;;Sub-Objekt
TAC_Durchfluss;Abgelesener Durchfluss (l/min)?;Objekt;;;;Solararmaturen;Tacosetter/Durchflussmesser;Zahl;;;l/min;immer;Nein;Nein;;Solar;20;Ja;Gebäudeaufnahme;MICHI;0.1;2026-08-03;400;Fachkundig;-;;Sub-Objekt
EXV_Typ;Ventiltyp?;Objekt;;;;Kältearmaturen;Expansionsventil (thermost./elektron.);Einzelauswahl;"thermostatisch (TEV);elektronisch (EEV);weiß nicht";;-;immer;Ja;Nein;;Kälte;20;Ja;Gebäudeaufnahme;MICHI;0.1;2026-08-03;300;Fachkundig;-;;Sub-Objekt
EXV_Ueberhitzung;Überhitzung einstellbar/dokumentiert?;Objekt;;;;Kältearmaturen;Expansionsventil (thermost./elektron.);Ja/Nein;"Ja;Nein;weiß nicht";;-;immer;Nein;Nein;;Kälte;30;Ja;Gebäudeaufnahme;MICHI;0.1;2026-08-03;400;Fachkundig;-;;Sub-Objekt
F_Breite;Breite (cm)?;Objekt;;;;Bauphysik – Fenster;Fenster;Zahl;;;cm;immer;Ja;Nein;;Geometrie & Maße (Dimensionen);10;Ja;Gebäudeaufnahme;MICHI;0.1;2026-08-03;200;Laie;-;;Objekt
F_Hoehe;Höhe (cm)?;Objekt;;;;Bauphysik – Fenster;Fenster;Zahl;;;cm;immer;Ja;Nein;;Geometrie & Maße (Dimensionen);20;Ja;Gebäudeaufnahme;MICHI;0.1;2026-08-03;200;Laie;-;;Objekt
F_Verglasung;Verglasung?;Objekt;;;;Bauphysik – Fenster;Fenster;Einzelauswahl;"Einfachverglasung;Zweifach (Isolierglas);Dreifach (Wärmeschutz);weiß nicht";;-;immer;Ja;Nein;Scheiben an der Kante zählen.;Bauphysik – Hülle;30;Ja;Gebäudeaufnahme;MICHI;0.1;2026-08-03;200;Laie;-;;Objekt
F_Rahmenmaterial;Rahmenmaterial?;Objekt;;;;Bauphysik – Fenster;Fenster;Einzelauswahl;"Holz;Kunststoff (PVC);Aluminium;Holz-Alu;Stahl;weiß nicht";;-;immer;Ja;Nein;;Bauphysik – Hülle;40;Ja;Gebäudeaufnahme;MICHI;0.1;2026-08-03;200;Laie;-;;Objekt
F_Mehrfeld;Hat das Fenster mehr als ein Feld/eine Scheibe (durch Pfosten geteilt)?;Objekt;;;;Bauphysik – Fenster;Fenster;Ja/Nein;"Ja;Nein;weiß nicht";;-;immer;Ja;Nein;Nein = ein Feld. Ja = z. B. festes Oberlicht + Flügel darunter oder mehrflügelig. Bei Nein wird automatisch ein Feld angelegt.;Bauphysik – Hülle;45;Ja;Gebäudeaufnahme;MICHI;0.1;2026-08-03;200;Laie;-;;Objekt
F_AnzahlFelder;Anzahl Felder?;Objekt;;;;Bauphysik – Fenster;Fenster;Zahl;;;-;«F_Mehrfeld» = Ja;Ja;Nein;Legt entsprechend viele Felder an, die einzeln erfasst werden.;Bauphysik – Hülle;46;Ja;Gebäudeaufnahme;MICHI;0.1;2026-08-03;300;Laie;-;;Objekt
F_Baujahr;Baujahr/Alter des Fensters?;Objekt;;;;Bauphysik – Fenster;Fenster;Jahr;;;-;immer;Nein;Nein;"Schätzung genügt; oft im Falz gestempelt.";Allgemein / Identifikation;10;Ja;Gebäudeaufnahme;MICHI;0.1;2026-08-03;300;Fachkundig;-;;Objekt
F_Ausrichtung;Ausrichtung (Himmelsrichtung)?;Objekt;;;;Bauphysik – Fenster;Fenster;Einzelauswahl;"Süd;Südost;Südwest;Ost;West;Nord;weiß nicht";;-;immer;Nein;Nein;Für solare Gewinne relevant.;Geometrie & Maße (Dimensionen);30;Ja;Gebäudeaufnahme;MICHI;0.1;2026-08-03;300;Laie;-;;Objekt
F_Uw;Uw-Wert (falls dokumentiert, W/m²K)?;Objekt;;;;Bauphysik – Fenster;Fenster;Text;;;-;immer;Nein;Nein;;Bauphysik – Hülle;50;Ja;Gebäudeaufnahme;MICHI;0.1;2026-08-03;400;Fachkundig;-;;Objekt
F_Sonnenschutz;Sonnenschutz/Verschattung vorhanden?;Objekt;;;;Bauphysik – Fenster;Fenster;Ja/Nein;"Ja;Nein;weiß nicht";;-;immer;Nein;Nein;;Bauphysik – Hülle;60;Ja;Gebäudeaufnahme;MICHI;0.1;2026-08-03;200;Laie;-;;Objekt
F_Rollladen;Rollladen/Rollladenkasten vorhanden?;Objekt;;;;Bauphysik – Fenster;Fenster;Ja/Nein;"Ja;Nein;weiß nicht";;-;immer;Nein;Nein;;Bauphysik – Hülle;70;Ja;Gebäudeaufnahme;MICHI;0.1;2026-08-03;200;Laie;-;;Objekt
F_Wand;In welcher Außenwand?;Objekt;;;;Bauphysik – Fenster;Fenster;Einzelauswahl;(Außenwand-Liste);;-;immer;Nein;Nein;;Struktur & Verknüpfung;10;Ja;Gebäudeaufnahme;MICHI;0.1;2026-08-03;400;Fachkundig;-;;Objekt
F_Schaeden;Zustand/Dichtheit? (Mehrfach);Objekt;;;;Bauphysik – Fenster;Fenster;Mehrfachauswahl;"keine;undicht/Zugluft;Beschlag zwischen den Scheiben (Glasschaden);Rahmen verzogen;Fäulnis (Holz);weiß nicht";;-;immer;Nein;Nein;;Schäden / Mangel;10;Ja;Gebäudeaufnahme;MICHI;0.1;2026-08-03;200;Laie;-;;Objekt
F_Foto;Foto (innen + außen);Objekt;;;;Bauphysik – Fenster;Fenster;Foto-Upload;;;-;immer;Nein;Ja;;Dokumentation / Foto;10;Ja;Gebäudeaufnahme;MICHI;0.1;2026-08-03;200;Laie;Übersicht;;Objekt
Feld_Breite;Feld: Breite (cm)?;Objekt;;;;Bauphysik – Fenster;Feld;Zahl;;;cm;immer;Ja;Nein;;Geometrie & Maße (Dimensionen);10;Ja;Gebäudeaufnahme;MICHI;0.1;2026-08-03;300;Fachkundig;-;;Sub-Objekt
Feld_Hoehe;Feld: Höhe (cm)?;Objekt;;;;Bauphysik – Fenster;Feld;Zahl;;;cm;immer;Ja;Nein;;Geometrie & Maße (Dimensionen);20;Ja;Gebäudeaufnahme;MICHI;0.1;2026-08-03;300;Fachkundig;-;;Sub-Objekt
Feld_Art;Feldtyp?;Objekt;;;;Bauphysik – Fenster;Feld;Einzelauswahl;"Flügel (öffenbar);Festscheibe (fest);weiß nicht";;-;immer;Ja;Nein;;Bauphysik – Hülle;10;Ja;Gebäudeaufnahme;MICHI;0.1;2026-08-03;300;Fachkundig;-;;Sub-Objekt
Feld_Oeffnungsart;Öffnungsart des Flügels?;Objekt;;;;Bauphysik – Fenster;Feld;Einzelauswahl;"Dreh-Kipp;nur Kipp;nur Dreh;Schiebe;Klapp;weiß nicht";;-;«Feld_Art» = Flügel (öffenbar);Nein;Nein;;Bauphysik – Hülle;20;Ja;Gebäudeaufnahme;MICHI;0.1;2026-08-03;300;Fachkundig;-;;Sub-Objekt
Feld_Dichtung;Anzahl Dichtungsebenen (Flügel)?;Objekt;;;;Bauphysik – Fenster;Feld;Einzelauswahl;"1;2;3;weiß nicht";;-;«Feld_Art» = Flügel (öffenbar);Nein;Nein;;Bauphysik – Hülle;30;Ja;Gebäudeaufnahme;MICHI;0.1;2026-08-03;400;Fachkundig;-;;Sub-Objekt
Feld_Glasart;Glasart?;Objekt;;;;Bauphysik – Fenster;Feld;Einzelauswahl;"Float;ESG;VSG;weiß nicht";;-;immer;Nein;Nein;;Bauphysik – Hülle;40;Ja;Gebäudeaufnahme;MICHI;0.1;2026-08-03;400;Fachkundig;-;;Sub-Objekt
Feld_Ug;Ug-Wert des Glases (falls dokumentiert)?;Objekt;;;;Bauphysik – Fenster;Feld;Text;;;-;immer;Nein;Nein;;Bauphysik – Hülle;50;Ja;Gebäudeaufnahme;MICHI;0.1;2026-08-03;400;Fachkundig;-;;Sub-Objekt
SP_Art;Sprossenart?;Objekt;;;;Bauphysik – Fenster;Sprossen;Einzelauswahl;"echte (durchgehend);aufgesetzt;im Scheibenzwischenraum (SZR);keine;weiß nicht";;-;immer;Ja;Nein;;Bauphysik – Hülle;10;Ja;Gebäudeaufnahme;MICHI;0.1;2026-08-03;400;Fachkundig;-;;Sub-Objekt
GR_Sicherheit;Beschlag/Sicherung?;Objekt;;;;Bauphysik – Fenster;Griff/Beschlag;Einzelauswahl;"Standard;abschließbar;Pilzkopf/RC-Beschlag;weiß nicht";;-;immer;Nein;Nein;;Bauphysik – Hülle;10;Ja;Gebäudeaufnahme;MICHI;0.1;2026-08-03;400;Fachkundig;-;;Sub-Objekt
SS_Art;Art des Sonnenschutzes?;Objekt;;;;Bauphysik – Fenster;Sonnenschutz/Verschattung;Einzelauswahl;"Rollladen;Raffstore/Jalousie (außen);Innenjalousie/-rollo;Markise;weiß nicht";;-;immer;Ja;Nein;;Bauphysik – Hülle;10;Ja;Gebäudeaufnahme;MICHI;0.1;2026-08-03;300;Fachkundig;-;;Sub-Objekt
SS_Antrieb;Antrieb?;Objekt;;;;Bauphysik – Fenster;Sonnenschutz/Verschattung;Einzelauswahl;"manuell;elektrisch;weiß nicht";;-;immer;Nein;Nein;;Bauphysik – Hülle;20;Ja;Gebäudeaufnahme;MICHI;0.1;2026-08-03;300;Fachkundig;-;;Sub-Objekt
SS_Foto;Foto;Objekt;;;;Bauphysik – Fenster;Sonnenschutz/Verschattung;Foto-Upload;;;-;immer;Nein;Nein;;Dokumentation / Foto;10;Ja;Gebäudeaufnahme;MICHI;0.1;2026-08-03;300;Fachkundig;Detail;;Sub-Objekt
RLK_Bauart;Bauart des Rollladenkastens?;Objekt;;;;Bauphysik – Fenster;Rollladenkasten;Einzelauswahl;"Aufsatzkasten;Vorbaukasten;Unterputz (Altbau);weiß nicht";;-;immer;Ja;Nein;;Bauphysik – Hülle;10;Ja;Gebäudeaufnahme;MICHI;0.1;2026-08-03;400;Fachkundig;-;;Sub-Objekt
RLK_Gedaemmt;Kasten gedämmt?;Objekt;;;;Bauphysik – Fenster;Rollladenkasten;Einzelauswahl;"ja;nein;weiß nicht";;-;immer;Nein;Nein;Ungedämmter Kasten ist oft die stärkste Wärmebrücke am Fenster.;Bauphysik – Hülle;20;Ja;Gebäudeaufnahme;MICHI;0.1;2026-08-03;400;Fachkundig;-;;Sub-Objekt
RLK_Foto;Foto;Objekt;;;;Bauphysik – Fenster;Rollladenkasten;Foto-Upload;;;-;immer;Nein;Nein;;Dokumentation / Foto;10;Ja;Gebäudeaufnahme;MICHI;0.1;2026-08-03;400;Fachkundig;Detail;;Sub-Objekt
BR_Material;Material des Blendrahmens?;Objekt;;;;Bauphysik – Fenster;Blendrahmen;Einzelauswahl;"Holz;Kunststoff (PVC);Aluminium;Holz-Alu;Stahl;weiß nicht";;-;immer;Ja;Nein;;Bauphysik – Hülle;10;Ja;Gebäudeaufnahme;MICHI;0.1;2026-08-03;400;Fachkundig;-;;Sub-Objekt
BR_Bautiefe;Bautiefe (mm)?;Objekt;;;;Bauphysik – Fenster;Blendrahmen;Zahl;;;mm;immer;Nein;Nein;;Bauphysik – Hülle;20;Ja;Gebäudeaufnahme;MICHI;0.1;2026-08-03;400;Fachkundig;-;;Sub-Objekt
PF_ThermGetrennt;Thermisch getrennt?;Objekt;;;;Bauphysik – Fenster;Pfosten;Ja/Nein;"Ja;Nein;weiß nicht";;-;immer;Nein;Nein;Bei Aluminium relevant.;Bauphysik – Hülle;10;Ja;Gebäudeaufnahme;MICHI;0.1;2026-08-03;400;Fachkundig;-;;Sub-Objekt
FB_Lage;Lage?;Objekt;;;;Bauphysik – Fenster;Fensterbank;Einzelauswahl;"innen;außen;innen+außen;weiß nicht";;-;immer;Ja;Nein;;Bauphysik – Hülle;10;Ja;Gebäudeaufnahme;MICHI;0.1;2026-08-03;400;Fachkundig;-;;Sub-Objekt
FB_Material;Material?;Objekt;;;;Bauphysik – Fenster;Fensterbank;Einzelauswahl;"Naturstein;Kunststein;Aluminium;Holz;Kunststoff;weiß nicht";;-;immer;Nein;Nein;;Bauphysik – Hülle;20;Ja;Gebäudeaufnahme;MICHI;0.1;2026-08-03;400;Fachkundig;-;;Sub-Objekt
T_Breite;Gesamtbreite (cm)?;Objekt;;;;Bauphysik – Türen;;Zahl;;;cm;immer;Ja;Nein;;Geometrie & Maße (Dimensionen);10;Ja;Gebäudeaufnahme;MICHI;0.1;2026-08-03;200;Laie;-;;Objekt
T_Hoehe;Gesamthöhe (cm)?;Objekt;;;;Bauphysik – Türen;;Zahl;;;cm;immer;Ja;Nein;;Geometrie & Maße (Dimensionen);20;Ja;Gebäudeaufnahme;MICHI;0.1;2026-08-03;200;Laie;-;;Objekt
T_NachRaum;Führt in welchen Raum / nach außen?;Objekt;;;;Bauphysik – Türen;;Einzelauswahl;"(Raumliste);Außen";;-;immer;Ja;Nein;"„von Raum"" ist der aktuelle Raum; hier den Zielraum wählen.";Struktur & Verknüpfung;10;Ja;Gebäudeaufnahme;MICHI;0.1;2026-08-03;200;Laie;-;;Objekt
T_Oeffnung;Öffnungsrichtung/Anschlag?;Objekt;;;;Bauphysik – Türen;;Einzelauswahl;"DIN links;DIN rechts;nach innen;nach außen;weiß nicht";;-;immer;Nein;Nein;;Bauphysik – Hülle;30;Ja;Gebäudeaufnahme;MICHI;0.1;2026-08-03;300;Fachkundig;-;;Objekt
T_Brandschutz;Brandschutz?;Objekt;;;;Bauphysik – Türen;;Einzelauswahl;"keine;T30;T60;T90;weiß nicht";;-;immer;Nein;Nein;;Bauphysik – Hülle;40;Ja;Gebäudeaufnahme;MICHI;0.1;2026-08-03;300;Fachkundig;-;;Objekt
T_Sicherheit;Sicherheitsklasse (RC)?;Objekt;;;;Bauphysik – Türen;;Einzelauswahl;"keine;RC2;RC3;weiß nicht";;-;immer;Nein;Nein;;Bauphysik – Hülle;50;Ja;Gebäudeaufnahme;MICHI;0.1;2026-08-03;300;Fachkundig;-;;Objekt
T_UWert;U-Wert (falls dokumentiert, Außentür/Tor)?;Objekt;;;;Bauphysik – Türen;;Text;;;-;immer;Nein;Nein;;Bauphysik – Hülle;60;Ja;Gebäudeaufnahme;MICHI;0.1;2026-08-03;400;Fachkundig;-;;Objekt
T_Schallschutz;Schallschutz?;Objekt;;;;Bauphysik – Türen;;Einzelauswahl;"keiner;Schallschutz (dB-Angabe);weiß nicht";;-;immer;Nein;Nein;;Bauphysik – Hülle;70;Ja;Gebäudeaufnahme;MICHI;0.1;2026-08-03;400;Fachkundig;-;;Objekt
T_Schaeden;Zustand? (Mehrfach);Objekt;;;;Bauphysik – Türen;;Mehrfachauswahl;"keine;schließt nicht/klemmt;undicht (Zugluft);beschädigt;weiß nicht";;-;immer;Nein;Nein;;Schäden / Mangel;10;Ja;Gebäudeaufnahme;MICHI;0.1;2026-08-03;200;Laie;-;;Objekt
T_Foto;Foto der Tür/des Tors;Objekt;;;;Bauphysik – Türen;;Foto-Upload;;;-;immer;Nein;Ja;;Dokumentation / Foto;10;Ja;Gebäudeaufnahme;MICHI;0.1;2026-08-03;200;Laie;Übersicht;;Objekt
TD_AnzFluegel;Anzahl Türflügel?;Objekt;;;;Bauphysik – Türen;Tür (Drehflügel);Zahl;;;-;immer;Ja;Nein;1 = klassisch, 2 = Doppeltür. Legt entsprechend viele Flügel an.;Bauphysik – Hülle;80;Ja;Gebäudeaufnahme;MICHI;0.1;2026-08-03;200;Laie;-;;Objekt
SCH_AnzFluegel;Anzahl Schiebeflügel?;Objekt;;;;Bauphysik – Türen;Schiebetür;Zahl;;;-;immer;Ja;Nein;;Bauphysik – Hülle;80;Ja;Gebäudeaufnahme;MICHI;0.1;2026-08-03;200;Laie;-;;Objekt
SCH_Laufart;Laufart?;Objekt;;;;Bauphysik – Türen;Schiebetür;Einzelauswahl;"in Wandtasche;vor der Wand (Aufputz);in Nische;weiß nicht";;-;immer;Ja;Nein;;Bauphysik – Hülle;90;Ja;Gebäudeaufnahme;MICHI;0.1;2026-08-03;300;Fachkundig;-;;Objekt
FAL_Material;Materialität des Faltblatts?;Objekt;;;;Bauphysik – Türen;Falttür;Einzelauswahl;"Holz;Kunststoff;Glas;Aluminium;weiß nicht";;-;immer;Ja;Nein;Falttür minimal: Maße (Klassenebene), Material und Schloss/Bänder.;Bauphysik – Hülle;80;Ja;Gebäudeaufnahme;MICHI;0.1;2026-08-03;300;Fachkundig;-;;Objekt
FAL_Segmente;Anzahl Segmente?;Objekt;;;;Bauphysik – Türen;Falttür;Zahl;;;-;immer;Nein;Nein;;Bauphysik – Hülle;90;Ja;Gebäudeaufnahme;MICHI;0.1;2026-08-03;400;Fachkundig;-;;Objekt
DT_Fluegel;Anzahl Flügel?;Objekt;;;;Bauphysik – Türen;Drehtür (Karusselltür);Einzelauswahl;"3;4;weiß nicht";;-;immer;Ja;Nein;;Bauphysik – Hülle;80;Ja;Gebäudeaufnahme;MICHI;0.1;2026-08-03;300;Fachkundig;-;;Objekt
DT_Durchmesser;Durchmesser (cm)?;Objekt;;;;Bauphysik – Türen;Drehtür (Karusselltür);Zahl;;;cm;immer;Nein;Nein;;Geometrie & Maße (Dimensionen);30;Ja;Gebäudeaufnahme;MICHI;0.1;2026-08-03;400;Fachkundig;-;;Objekt
DT_Antrieb;Antrieb?;Objekt;;;;Bauphysik – Türen;Drehtür (Karusselltür);Einzelauswahl;"manuell;automatisch (motorisch);weiß nicht";;-;immer;Ja;Nein;;Bauphysik – Hülle;90;Ja;Gebäudeaufnahme;MICHI;0.1;2026-08-03;300;Fachkundig;-;;Objekt
TOR_Torart;Torart?;Objekt;;;;Bauphysik – Türen;Tor;Einzelauswahl;"Sektionaltor;Schwingtor;Rolltor;Flügeltor;Schiebetor;Falttor;weiß nicht";;-;immer;Ja;Nein;;Bauphysik – Hülle;80;Ja;Gebäudeaufnahme;MICHI;0.1;2026-08-03;200;Laie;-;;Objekt
TOR_Antrieb_vorh;Antrieb vorhanden?;Objekt;;;;Bauphysik – Türen;Tor;Ja/Nein;"Ja;Nein;weiß nicht";;-;immer;Nein;Nein;;Bauphysik – Hülle;90;Ja;Gebäudeaufnahme;MICHI;0.1;2026-08-03;200;Laie;-;;Objekt
TOR_Sicherheit_vorh;Sicherheitseinrichtung vorhanden?;Objekt;;;;Bauphysik – Türen;Tor;Ja/Nein;"Ja;Nein;weiß nicht";;-;immer;Nein;Nein;Lichtschranke/Kontaktleiste bei Antrieb Pflicht.;Bauphysik – Hülle;100;Ja;Gebäudeaufnahme;MICHI;0.1;2026-08-03;300;Fachkundig;-;;Objekt
TOR_Gedaemmt;Tor gedämmt?;Objekt;;;;Bauphysik – Türen;Tor;Einzelauswahl;"ja;nein;weiß nicht";;-;immer;Nein;Nein;;Bauphysik – Hülle;110;Ja;Gebäudeaufnahme;MICHI;0.1;2026-08-03;300;Fachkundig;-;;Objekt
FL_Dicke;Türblattdicke/Blattstärke (mm)?;Objekt;;;;Bauphysik – Türen;Flügel (Türblatt);Zahl;;;mm;immer;Nein;Nein;;Geometrie & Maße (Dimensionen);7;Ja;Gebäudeaufnahme;MICHI;0.1;2026-08-03;400;Fachkundig;-;;Sub-Objekt
FL_Hoehe;Türblatthöhe (cm)?;Objekt;;;;Bauphysik – Türen;Flügel (Türblatt);Zahl;;;cm;immer;Ja;Nein;;Geometrie & Maße (Dimensionen);6;Ja;Gebäudeaufnahme;MICHI;0.1;2026-08-03;300;Fachkundig;-;;Sub-Objekt
FL_Breite;Türblattbreite (cm)?;Objekt;;;;Bauphysik – Türen;Flügel (Türblatt);Zahl;;;cm;immer;Ja;Nein;;Geometrie & Maße (Dimensionen);5;Ja;Gebäudeaufnahme;MICHI;0.1;2026-08-03;300;Fachkundig;-;;Sub-Objekt
FL_Oeffenbar;Flügeltyp?;Objekt;;;;Bauphysik – Türen;Flügel (Türblatt);Einzelauswahl;"Gangflügel (öffenbar);Standflügel (fest);weiß nicht";;-;immer;Ja;Nein;;Bauphysik – Hülle;10;Ja;Gebäudeaufnahme;MICHI;0.1;2026-08-03;300;Fachkundig;-;;Sub-Objekt
FL_Material;Materialität des Türblatts?;Objekt;;;;Bauphysik – Türen;Flügel (Türblatt);Einzelauswahl;"Holz/Span;HPL/Schichtstoff;Glas;Stahl;Aluminium;weiß nicht";;-;immer;Ja;Nein;;Bauphysik – Hülle;20;Ja;Gebäudeaufnahme;MICHI;0.1;2026-08-03;300;Fachkundig;-;;Sub-Objekt
FL_Griff_vorh;Griff vorhanden?;Objekt;;;;Bauphysik – Türen;Flügel (Türblatt);Ja/Nein;"Ja;Nein;weiß nicht";;-;immer;Nein;Nein;;Bauphysik – Hülle;30;Ja;Gebäudeaufnahme;MICHI;0.1;2026-08-03;300;Fachkundig;-;;Sub-Objekt
FL_Verschliessbar;Verschließbar (Schloss/Bänder)?;Objekt;;;;Bauphysik – Türen;Flügel (Türblatt);Ja/Nein;"Ja;Nein;weiß nicht";;-;immer;Nein;Nein;;Bauphysik – Hülle;40;Ja;Gebäudeaufnahme;MICHI;0.1;2026-08-03;300;Fachkundig;-;;Sub-Objekt
FL_Einlage_vorh;Einlage/Füllung vorhanden?;Objekt;;;;Bauphysik – Türen;Flügel (Türblatt);Ja/Nein;"Ja;Nein;weiß nicht";;-;immer;Nein;Nein;;Bauphysik – Hülle;50;Ja;Gebäudeaufnahme;MICHI;0.1;2026-08-03;300;Fachkundig;-;;Sub-Objekt
FL_Schliesser_vorh;Türschließer vorhanden?;Objekt;;;;Bauphysik – Türen;Flügel (Türblatt);Ja/Nein;"Ja;Nein;weiß nicht";;-;immer;Nein;Nein;;Bauphysik – Hülle;60;Ja;Gebäudeaufnahme;MICHI;0.1;2026-08-03;300;Fachkundig;-;;Sub-Objekt
GR_Material;Material des Griffs?;Objekt;;;;Bauphysik – Türen;Griff;Einzelauswahl;"Edelstahl;Aluminium;Messing;Kunststoff;weiß nicht";;-;immer;Nein;Nein;;Bauphysik – Hülle;10;Ja;Gebäudeaufnahme;MICHI;0.1;2026-08-03;400;Fachkundig;-;;Sub-Objekt
GR_Typ;Grifftyp?;Objekt;;;;Bauphysik – Türen;Griff;Einzelauswahl;"Drücker;Stoßgriff;Muschelgriff;Knauf;weiß nicht";;-;immer;Nein;Nein;;Bauphysik – Hülle;20;Ja;Gebäudeaufnahme;MICHI;0.1;2026-08-03;400;Fachkundig;-;;Sub-Objekt
SB_Verriegelung;Verriegelung?;Objekt;;;;Bauphysik – Türen;Schloss/Bänder;Einzelauswahl;"Einfachverriegelung;Mehrfachverriegelung;weiß nicht";;-;immer;Ja;Nein;;Bauphysik – Hülle;10;Ja;Gebäudeaufnahme;MICHI;0.1;2026-08-03;400;Fachkundig;-;;Sub-Objekt
SB_Schliesspunkte;Anzahl Schließpunkte?;Objekt;;;;Bauphysik – Türen;Schloss/Bänder;Zahl;;;-;immer;Nein;Nein;;Bauphysik – Hülle;20;Ja;Gebäudeaufnahme;MICHI;0.1;2026-08-03;400;Fachkundig;-;;Sub-Objekt
SB_Schlossnummer;Schlossnummer (falls lesbar)?;Objekt;;;;Bauphysik – Türen;Schloss/Bänder;Text;;;-;immer;Nein;Nein;;Bauphysik – Hülle;30;Ja;Gebäudeaufnahme;MICHI;0.1;2026-08-03;400;Fachkundig;-;;Sub-Objekt
SB_Schluesselnummer;Schlüsselnummer (falls lesbar)?;Objekt;;;;Bauphysik – Türen;Schloss/Bänder;Text;;;-;immer;Nein;Nein;;Bauphysik – Hülle;40;Ja;Gebäudeaufnahme;MICHI;0.1;2026-08-03;400;Fachkundig;-;;Sub-Objekt
SB_Scharnier;Scharnier-/Bandtyp?;Objekt;;;;Bauphysik – Türen;Schloss/Bänder;Einzelauswahl;"Einbohrband;Aufschraubband;Objektband;Bodentürband;weiß nicht";;-;immer;Nein;Nein;;Bauphysik – Hülle;50;Ja;Gebäudeaufnahme;MICHI;0.1;2026-08-03;400;Fachkundig;-;;Sub-Objekt
SB_Pendelbar;Pendelbar?;Objekt;;;;Bauphysik – Türen;Schloss/Bänder;Ja/Nein;"Ja;Nein;weiß nicht";;-;immer;Nein;Nein;;Bauphysik – Hülle;60;Ja;Gebäudeaufnahme;MICHI;0.1;2026-08-03;400;Fachkundig;-;;Sub-Objekt
EL_Material;Materialität der Einlage?;Objekt;;;;Bauphysik – Türen;Einlage;Einzelauswahl;"Glas;Holzplatte;Metallplatte;Lüftungsgitter;weiß nicht";;-;immer;Ja;Nein;;Bauphysik – Hülle;10;Ja;Gebäudeaufnahme;MICHI;0.1;2026-08-03;400;Fachkundig;-;;Sub-Objekt
EL_Flaeche;Flächenanteil (%)?;Objekt;;;;Bauphysik – Türen;Einlage;Zahl;;;%;immer;Nein;Nein;;Bauphysik – Hülle;20;Ja;Gebäudeaufnahme;MICHI;0.1;2026-08-03;400;Fachkundig;-;;Sub-Objekt
EL_Beschreibung;Beschreibung/Anmerkung?;Objekt;;;;Bauphysik – Türen;Einlage;Text;;;-;immer;Nein;Nein;;Bauphysik – Hülle;30;Ja;Gebäudeaufnahme;MICHI;0.1;2026-08-03;400;Fachkundig;-;;Sub-Objekt
SL_Art;Art des Türschließers?;Objekt;;;;Bauphysik – Türen;Schließer;Einzelauswahl;"Obentürschließer;Bodentürschließer;Freilauf;integriert;weiß nicht";;-;immer;Ja;Nein;;Bauphysik – Hülle;10;Ja;Gebäudeaufnahme;MICHI;0.1;2026-08-03;400;Fachkundig;-;;Sub-Objekt
SL_Einstellbar;Einstellbar?;Objekt;;;;Bauphysik – Türen;Schließer;Ja/Nein;"Ja;Nein;weiß nicht";;-;immer;Nein;Nein;;Bauphysik – Hülle;20;Ja;Gebäudeaufnahme;MICHI;0.1;2026-08-03;400;Fachkundig;-;;Sub-Objekt
SL_Foto;Typenschild-Foto;Objekt;;;;Bauphysik – Türen;Schließer;Foto-Upload;;;-;immer;Nein;Nein;;Dokumentation / Foto;10;Ja;Gebäudeaufnahme;MICHI;0.1;2026-08-03;400;Fachkundig;Typenschild;;Sub-Objekt
ZA_Wanddicke;Wanddicke / Zargentiefe (mm)?;Objekt;;;;Bauphysik – Türen;Zarge;Zahl;;;mm;immer;Nein;Nein;;Geometrie & Maße (Dimensionen);3;Ja;Gebäudeaufnahme;MICHI;0.1;2026-08-03;400;Fachkundig;-;;Sub-Objekt
ZA_LichteHoehe;Lichte Durchgangshöhe (cm)?;Objekt;;;;Bauphysik – Türen;Zarge;Zahl;;;cm;immer;Nein;Nein;;Geometrie & Maße (Dimensionen);2;Ja;Gebäudeaufnahme;MICHI;0.1;2026-08-03;300;Fachkundig;-;;Sub-Objekt
ZA_LichteBreite;Lichte Durchgangsbreite (cm)?;Objekt;;;;Bauphysik – Türen;Zarge;Zahl;;;cm;immer;Ja;Nein;Nutzbare Öffnungsbreite – wichtig für Barrierefreiheit.;Geometrie & Maße (Dimensionen);1;Ja;Gebäudeaufnahme;MICHI;0.1;2026-08-03;300;Fachkundig;-;;Sub-Objekt
ZA_Typ;Zargentyp?;Objekt;;;;Bauphysik – Türen;Zarge;Einzelauswahl;"Umfassungszarge;Blockzarge;Eckzarge;Stahlzarge;weiß nicht";;-;immer;Ja;Nein;;Bauphysik – Hülle;10;Ja;Gebäudeaufnahme;MICHI;0.1;2026-08-03;400;Fachkundig;-;;Sub-Objekt
ZA_Material;Material der Zarge?;Objekt;;;;Bauphysik – Türen;Zarge;Einzelauswahl;"Holz;Stahl;Aluminium;weiß nicht";;-;immer;Nein;Nein;;Bauphysik – Hülle;20;Ja;Gebäudeaufnahme;MICHI;0.1;2026-08-03;400;Fachkundig;-;;Sub-Objekt
ZA_Schwelle;Schwelle?;Objekt;;;;Bauphysik – Türen;Zarge;Einzelauswahl;"mit Anschlag;barrierefrei (flach);keine;weiß nicht";;-;immer;Nein;Nein;;Bauphysik – Hülle;30;Ja;Gebäudeaufnahme;MICHI;0.1;2026-08-03;300;Fachkundig;-;;Sub-Objekt
FT_Position;Position?;Objekt;;;;Bauphysik – Türen;Feststehendes Teil;Einzelauswahl;"Seitenteil links;Seitenteil rechts;Oberlicht;weiß nicht";;-;immer;Ja;Nein;;Bauphysik – Hülle;10;Ja;Gebäudeaufnahme;MICHI;0.1;2026-08-03;300;Fachkundig;-;;Sub-Objekt
FT_Material;Materialität?;Objekt;;;;Bauphysik – Türen;Feststehendes Teil;Einzelauswahl;"Holz;Glas;Stahl;Aluminium;weiß nicht";;-;immer;Nein;Nein;;Bauphysik – Hülle;20;Ja;Gebäudeaufnahme;MICHI;0.1;2026-08-03;400;Fachkundig;-;;Sub-Objekt
FT_Einlage_vorh;Einlage vorhanden?;Objekt;;;;Bauphysik – Türen;Feststehendes Teil;Ja/Nein;"Ja;Nein;weiß nicht";;-;immer;Nein;Nein;;Bauphysik – Hülle;30;Ja;Gebäudeaufnahme;MICHI;0.1;2026-08-03;400;Fachkundig;-;;Sub-Objekt
SF_Bauart;Bauart der Führung?;Objekt;;;;Bauphysik – Türen;Schiebe-Führung/Tasche;Einzelauswahl;"Wandtasche;Aufputz-Laufschiene;Nische;weiß nicht";;-;immer;Ja;Nein;;Bauphysik – Hülle;10;Ja;Gebäudeaufnahme;MICHI;0.1;2026-08-03;400;Fachkundig;-;;Sub-Objekt
SF_Foto;Foto;Objekt;;;;Bauphysik – Türen;Schiebe-Führung/Tasche;Foto-Upload;;;-;immer;Nein;Nein;;Dokumentation / Foto;10;Ja;Gebäudeaufnahme;MICHI;0.1;2026-08-03;400;Fachkundig;Detail;;Sub-Objekt
TB_Material;Material?;Objekt;;;;Bauphysik – Türen;Torblatt/Paneel;Einzelauswahl;"Stahl (Sandwich);Aluminium;Holz;Kunststoff;weiß nicht";;-;immer;Ja;Nein;;Bauphysik – Hülle;10;Ja;Gebäudeaufnahme;MICHI;0.1;2026-08-03;300;Fachkundig;-;;Sub-Objekt
TB_Paneele;Anzahl Paneele/Lamellen?;Objekt;;;;Bauphysik – Türen;Torblatt/Paneel;Zahl;;;-;immer;Nein;Nein;;Bauphysik – Hülle;20;Ja;Gebäudeaufnahme;MICHI;0.1;2026-08-03;400;Fachkundig;-;;Sub-Objekt
TB_Verglasung;Sichtfenster/Verglasung?;Objekt;;;;Bauphysik – Türen;Torblatt/Paneel;Ja/Nein;"Ja;Nein;weiß nicht";;-;immer;Nein;Nein;;Bauphysik – Hülle;30;Ja;Gebäudeaufnahme;MICHI;0.1;2026-08-03;400;Fachkundig;-;;Sub-Objekt
TA_Art;Antriebsart?;Objekt;;;;Bauphysik – Türen;Torantrieb/Steuerung;Einzelauswahl;"Kettenantrieb;Zahnriemen;Wellenantrieb (Roll);Drehtorantrieb;weiß nicht";;-;immer;Ja;Nein;;Bauphysik – Hülle;10;Ja;Gebäudeaufnahme;MICHI;0.1;2026-08-03;400;Fachkundig;-;;Sub-Objekt
TA_Bedienung;Bedienung?;Objekt;;;;Bauphysik – Türen;Torantrieb/Steuerung;Mehrfachauswahl;"Handsender;Codetaster;Schlüsselschalter;App;weiß nicht";;-;immer;Nein;Nein;;Bauphysik – Hülle;20;Ja;Gebäudeaufnahme;MICHI;0.1;2026-08-03;400;Fachkundig;-;;Sub-Objekt
TA_Notentriegelung;Notentriegelung vorhanden?;Objekt;;;;Bauphysik – Türen;Torantrieb/Steuerung;Ja/Nein;"Ja;Nein;weiß nicht";;-;immer;Nein;Nein;;Bauphysik – Hülle;30;Ja;Gebäudeaufnahme;MICHI;0.1;2026-08-03;400;Fachkundig;-;;Sub-Objekt
TA_Foto;Typenschild-Foto;Objekt;;;;Bauphysik – Türen;Torantrieb/Steuerung;Foto-Upload;;;-;immer;Nein;Nein;;Dokumentation / Foto;10;Ja;Gebäudeaufnahme;MICHI;0.1;2026-08-03;400;Fachkundig;Typenschild;;Sub-Objekt
TS_Art;Sicherheitseinrichtungen? (Mehrfach);Objekt;;;;Bauphysik – Türen;Torsicherheit;Mehrfachauswahl;"Lichtschranke;Kontakt-/Schließkantenleiste;Einzugssicherung;Ampel/Warnleuchte;weiß nicht";;-;immer;Ja;Nein;;Bauphysik – Hülle;10;Ja;Gebäudeaufnahme;MICHI;0.1;2026-08-03;400;Fachkundig;-;;Sub-Objekt
TS_Foto;Foto;Objekt;;;;Bauphysik – Türen;Torsicherheit;Foto-Upload;;;-;immer;Nein;Nein;;Dokumentation / Foto;10;Ja;Gebäudeaufnahme;MICHI;0.1;2026-08-03;400;Fachkundig;Detail;;Sub-Objekt
BT_Bezeichnung;Kurzbezeichnung (z. B. AW01)?;Gebäude;;;;Bauphysik – Hülle (opak);;Text;;;-;immer;Ja;Nein;;Allgemein / Identifikation;10;Ja;Gebäudeaufnahme;MICHI;0.1;2026-08-03;300;Fachkundig;-;;Objekt
BT_Flaeche;Bauteilfläche (m²)?;Gebäude;;;;Bauphysik – Hülle (opak);;Zahl;;;m²;immer;Nein;Nein;;Geometrie & Maße (Dimensionen);10;Ja;Gebäudeaufnahme;MICHI;0.1;2026-08-03;300;Fachkundig;-;;Objekt
BT_Angrenzung;Angrenzung (was ist auf der anderen Seite)?;Gebäude;;;;Bauphysik – Hülle (opak);;Einzelauswahl;"Außenluft;Erdreich;unbeheizter Raum;andere Gebäudeeinheit;weiß nicht";;-;immer;Ja;Nein;Bestimmt Temperatur-Randbedingung und Verlustweg.;Bauphysik – Hülle;10;Ja;Gebäudeaufnahme;MICHI;0.1;2026-08-03;300;Fachkundig;-;;Objekt
BT_Orientierung;Orientierung (bei Außenwänden)?;Gebäude;;;;Bauphysik – Hülle (opak);;Einzelauswahl;"Nord;Ost;Süd;West;n.a. (Dach/Boden);weiß nicht";;-;immer;Nein;Nein;;Geometrie & Maße (Dimensionen);20;Ja;Gebäudeaufnahme;MICHI;0.1;2026-08-03;300;Fachkundig;-;;Objekt
BT_Baualter;Baualter / Sanierungsstand?;Gebäude;;;;Bauphysik – Hülle (opak);;Text;;;-;immer;Nein;Nein;Ursprungsjahr und ggf. Jahr der energetischen Sanierung.;Allgemein / Identifikation;20;Ja;Gebäudeaufnahme;MICHI;0.1;2026-08-03;300;Fachkundig;-;;Objekt
BT_UWert;U-Wert (falls bekannt/berechnet, W/m²K)?;Gebäude;;;;Bauphysik – Hülle (opak);;Text;;;-;immer;Nein;Nein;;Bauphysik – Hülle;20;Ja;Gebäudeaufnahme;MICHI;0.1;2026-08-03;400;Fachkundig;-;;Objekt
BT_Schichtaufbau;Schichtaufbau bekannt?;Gebäude;;;;Bauphysik – Hülle (opak);;Ja/Nein;"Ja;Nein;weiß nicht";;-;immer;Ja;Nein;;Bauphysik – Hülle;30;Ja;Gebäudeaufnahme;MICHI;0.1;2026-08-03;300;Fachkundig;-;;Objekt
BT_AnzSchichten;Anzahl Schichten?;Gebäude;;;;Bauphysik – Hülle (opak);;Zahl;;;-;«BT_Schichtaufbau» = Ja;Ja;Nein;Legt die Schichten an – Erfassung von INNEN nach AUSSEN.;Bauphysik – Hülle;40;Ja;Gebäudeaufnahme;MICHI;0.1;2026-08-03;300;Fachkundig;-;;Objekt
BT_Foto;Foto des Bauteils/Aufbaus;Gebäude;;;;Bauphysik – Hülle (opak);;Foto-Upload;;;-;immer;Nein;Nein;;Dokumentation / Foto;10;Ja;Gebäudeaufnahme;MICHI;0.1;2026-08-03;300;Fachkundig;Detail;;Objekt
SC_Position;Position (von innen = 1)?;Gebäude;;;;Bauphysik – Hülle (opak);Schicht (Schichtaufbau);Zahl;;;-;immer;Ja;Nein;Von innen nach außen zählen.;Allgemein / Identifikation;10;Ja;Gebäudeaufnahme;MICHI;0.1;2026-08-03;300;Fachkundig;-;;Sub-Objekt
SC_Material;Material (aus Normkatalog)?;Gebäude;;;;Bauphysik – Hülle (opak);Schicht (Schichtaufbau);Einzelauswahl;(Normmaterial-Katalog);;-;immer;Ja;Nein;λ, Rohdichte und sd werden automatisch aus dem Katalog übernommen.;Bauphysik – Hülle;20;Ja;Gebäudeaufnahme;MICHI;0.1;2026-08-03;300;Fachkundig;-;;Sub-Objekt
SC_Staerke;Schichtstärke (cm)?;Gebäude;;;;Bauphysik – Hülle (opak);Schicht (Schichtaufbau);Zahl;;;cm;immer;Ja;Nein;;Geometrie & Maße (Dimensionen);10;Ja;Gebäudeaufnahme;MICHI;0.1;2026-08-03;300;Fachkundig;-;;Sub-Objekt
SC_Tragend;Tragend?;Gebäude;;;;Bauphysik – Hülle (opak);Schicht (Schichtaufbau);Ja/Nein;"Ja;Nein;weiß nicht";;-;immer;Nein;Nein;;Bauphysik – Hülle;30;Ja;Gebäudeaufnahme;MICHI;0.1;2026-08-03;400;Fachkundig;-;;Sub-Objekt
SC_Gefach;Gefach-/Ständerkonstruktion (inhomogen)?;Gebäude;;;;Bauphysik – Hülle (opak);Schicht (Schichtaufbau);Ja/Nein;"Ja;Nein;weiß nicht";;-;immer;Ja;Nein;z. B. Holzständer mit Dämmung dazwischen.;Bauphysik – Hülle;40;Ja;Gebäudeaufnahme;MICHI;0.1;2026-08-03;400;Fachkundig;-;;Sub-Objekt
SC_Staenderanteil;Anteil Ständer/Rippen (%)?;Gebäude;;;;Bauphysik – Hülle (opak);Schicht (Schichtaufbau);Zahl;;;%;«SC_Gefach» = Ja;Nein;Nein;;Bauphysik – Hülle;50;Ja;Gebäudeaufnahme;MICHI;0.1;2026-08-03;400;Fachkundig;-;;Sub-Objekt
SC_Staendermaterial;Materialität des Ständers?;Gebäude;;;;Bauphysik – Hülle (opak);Schicht (Schichtaufbau);Einzelauswahl;"(Normmaterial-Katalog);Holz;Stahl;weiß nicht";;-;«SC_Gefach» = Ja;Nein;Nein;;Bauphysik – Hülle;60;Ja;Gebäudeaufnahme;MICHI;0.1;2026-08-03;400;Fachkundig;-;;Sub-Objekt
SC_Anmerkung;Anmerkung?;Gebäude;;;;Bauphysik – Hülle (opak);Schicht (Schichtaufbau);Text;;;-;immer;Nein;Nein;"z. B. „Vollziegel im Zahnverband"".";Bauphysik – Hülle;70;Ja;Gebäudeaufnahme;MICHI;0.1;2026-08-03;300;Fachkundig;-;;Sub-Objekt
WB_Typisch;Typische Wärmebrücke auswählen?;Objekt;;;;Bauphysik – Wärmebrücken;;Einzelauswahl;"Balkonplatten-Einbindung;Fensteranschluss (Laibung/Sturz/Brüstung);Rollladenkasten;Gebäudekante/Außenwandecke;Geschossdecken-Einbindung;Fußpunkt/Sockel;Attika;Traufe/Ortgang;Heizkörpernische;durchbindender Träger/Stütze;andere (Freitext);weiß nicht";;-;immer;Ja;Nein;;Bauphysik – Hülle;10;Ja;Gebäudeaufnahme;MICHI;0.1;2026-08-03;300;Fachkundig;-;;Objekt
WB_Freitext;"Bezeichnung (falls „andere"")?";Objekt;;;;Bauphysik – Wärmebrücken;;Text;;;-;«WB_Typisch» = andere (Freitext);Nein;Nein;;Bauphysik – Hülle;20;Ja;Gebäudeaufnahme;MICHI;0.1;2026-08-03;300;Fachkundig;-;;Objekt
WB_Lage;Lage / Bauteilbezug?;Objekt;;;;Bauphysik – Wärmebrücken;;Einzelauswahl;"Außenwand;Dach;Geschossdecke;Bodenplatte;Fenster/Tür;weiß nicht";;-;immer;Nein;Nein;;Struktur & Verknüpfung;10;Ja;Gebäudeaufnahme;MICHI;0.1;2026-08-03;300;Fachkundig;-;;Objekt
WB_Daemmung;Ist die Wärmebrücke gedämmt/entschärft?;Objekt;;;;Bauphysik – Wärmebrücken;;Einzelauswahl;"ja;teilweise;nein;weiß nicht";;-;immer;Nein;Nein;;Bauphysik – Hülle;30;Ja;Gebäudeaufnahme;MICHI;0.1;2026-08-03;400;Fachkundig;-;;Objekt
WB_Schimmel;Schimmel/Feuchte an der Stelle?;Objekt;;;;Bauphysik – Wärmebrücken;;Einzelauswahl;"kein;Verfärbung;Schimmel sichtbar;weiß nicht";;-;immer;Nein;Nein;Innenseitig an der kältesten Stelle prüfen.;Schäden / Mangel;10;Ja;Gebäudeaufnahme;MICHI;0.1;2026-08-03;200;Laie;-;;Objekt
WB_Oberflaechentemp;Oberflächentemperatur innen (°C, falls gemessen)?;Objekt;;;;Bauphysik – Wärmebrücken;;Zahl;;;°C;immer;Nein;Nein;;Bauphysik – Hülle;40;Ja;Gebäudeaufnahme;MICHI;0.1;2026-08-03;400;Fachkundig;-;;Objekt
WB_PsiChi;Ψ-/χ-Wert (falls bekannt)?;Objekt;;;;Bauphysik – Wärmebrücken;;Text;;;-;immer;Nein;Nein;;Bauphysik – Hülle;50;Ja;Gebäudeaufnahme;MICHI;0.1;2026-08-03;400;Fachkundig;-;;Objekt
WB_Foto;Foto der Wärmebrücke;Objekt;;;;Bauphysik – Wärmebrücken;;Foto-Upload;;;-;immer;Nein;Ja;"Pflicht – Stelle mit Umgebung zeigen; ggf. Thermografie.";Dokumentation / Foto;10;Ja;Gebäudeaufnahme;MICHI;0.1;2026-08-03;200;Laie;Detail;;Objekt
WBL_Laenge;Länge (m)?;Objekt;;;;Bauphysik – Wärmebrücken;Lineare Wärmebrücke;Zahl;;;m;immer;Ja;Nein;;Geometrie & Maße (Dimensionen);10;Ja;Gebäudeaufnahme;MICHI;0.1;2026-08-03;300;Fachkundig;-;;Objekt
WBP_Anzahl;Anzahl?;Objekt;;;;Bauphysik – Wärmebrücken;Punktförmige Wärmebrücke;Zahl;;;-;immer;Ja;Nein;;Geometrie & Maße (Dimensionen);10;Ja;Gebäudeaufnahme;MICHI;0.1;2026-08-03;300;Fachkundig;-;;Objekt
